,FearGreed_Value,FearGreed_Label,Date,time_until_update
2880,30,Fear,2018-02-01,
2879,15,Extreme Fear,2018-02-02,
2878,40,Fear,2018-02-03,
2877,24,Extreme Fear,2018-02-04,
2876,11,Extreme Fear,2018-02-05,
2875,8,Extreme Fear,2018-02-06,
2874,36,Fear,2018-02-07,
2873,30,Fear,2018-02-08,
2872,44,Fear,2018-02-09,
2871,54,Neutral,2018-02-10,
2870,31,Fear,2018-02-11,
2869,42,Fear,2018-02-12,
2868,35,Fear,2018-02-13,
2867,55,Greed,2018-02-14,
2866,71,Greed,2018-02-15,
2865,67,Greed,2018-02-16,
2864,74,Greed,2018-02-17,
2863,63,Greed,2018-02-18,
2862,67,Greed,2018-02-19,
2861,74,Greed,2018-02-20,
2860,54,Neutral,2018-02-21,
2859,44,Fear,2018-02-22,
2858,39,Fear,2018-02-23,
2857,31,Fear,2018-02-24,
2856,33,Fear,2018-02-25,
2855,37,Fear,2018-02-26,
2854,44,Fear,2018-02-27,
2853,41,Fear,2018-02-28,
2852,38,Fear,2018-03-01,
2851,47,Neutral,2018-03-02,
2850,56,Greed,2018-03-03,
2849,44,Fear,2018-03-04,
2848,55,Greed,2018-03-05,
2847,59,Greed,2018-03-06,
2846,37,Fear,2018-03-07,
2845,39,Fear,2018-03-08,
2844,37,Fear,2018-03-09,
2843,39,Fear,2018-03-10,
2842,40,Fear,2018-03-11,
2841,41,Fear,2018-03-12,
2840,41,Fear,2018-03-13,
2839,40,Fear,2018-03-14,
2838,32,Fear,2018-03-15,
2837,33,Fear,2018-03-16,
2836,31,Fear,2018-03-17,
2835,29,Fear,2018-03-18,
2834,29,Fear,2018-03-19,
2833,37,Fear,2018-03-20,
2832,36,Fear,2018-03-21,
2831,36,Fear,2018-03-22,
2830,28,Fear,2018-03-23,
2829,32,Fear,2018-03-24,
2828,30,Fear,2018-03-25,
2827,31,Fear,2018-03-26,
2826,24,Extreme Fear,2018-03-27,
2825,24,Extreme Fear,2018-03-28,
2824,18,Extreme Fear,2018-03-29,
2823,12,Extreme Fear,2018-03-30,
2822,16,Extreme Fear,2018-03-31,
2821,16,Extreme Fear,2018-04-01,
2820,11,Extreme Fear,2018-04-02,
2819,22,Extreme Fear,2018-04-03,
2818,22,Extreme Fear,2018-04-04,
2817,17,Extreme Fear,2018-04-05,
2816,19,Extreme Fear,2018-04-06,
2815,20,Extreme Fear,2018-04-07,
2814,17,Extreme Fear,2018-04-08,
2813,21,Extreme Fear,2018-04-09,
2812,18,Extreme Fear,2018-04-10,
2811,20,Extreme Fear,2018-04-11,
2810,18,Extreme Fear,2018-04-12,
2809,23,Extreme Fear,2018-04-13,
2808,26,Fear,2018-04-17,
2807,24,Extreme Fear,2018-04-18,
2806,25,Extreme Fear,2018-04-19,
2805,26,Fear,2018-04-20,
2804,32,Fear,2018-04-21,
2803,31,Fear,2018-04-22,
2802,28,Fear,2018-04-23,
2801,29,Fear,2018-04-24,
2800,64,Greed,2018-04-25,
2799,47,Neutral,2018-04-26,
2798,55,Greed,2018-04-27,
2797,54,Neutral,2018-04-28,
2796,61,Greed,2018-04-29,
2795,59,Greed,2018-04-30,
2794,56,Greed,2018-05-01,
2793,52,Neutral,2018-05-02,
2792,55,Greed,2018-05-03,
2791,56,Greed,2018-05-04,
2790,63,Greed,2018-05-05,
2789,67,Greed,2018-05-06,
2788,56,Greed,2018-05-07,
2787,62,Greed,2018-05-08,
2786,53,Neutral,2018-05-09,
2785,63,Greed,2018-05-10,
2784,41,Fear,2018-05-11,
2783,44,Fear,2018-05-12,
2782,40,Fear,2018-05-13,
2781,40,Fear,2018-05-14,
2780,40,Fear,2018-05-15,
2779,32,Fear,2018-05-16,
2778,31,Fear,2018-05-17,
2777,37,Fear,2018-05-18,
2776,31,Fear,2018-05-19,
2775,32,Fear,2018-05-20,
2774,41,Fear,2018-05-21,
2773,30,Fear,2018-05-22,
2772,26,Fear,2018-05-23,
2771,27,Fear,2018-05-24,
2770,25,Extreme Fear,2018-05-25,
2769,23,Extreme Fear,2018-05-26,
2768,19,Extreme Fear,2018-05-27,
2767,22,Extreme Fear,2018-05-28,
2766,16,Extreme Fear,2018-05-29,
2765,38,Fear,2018-05-30,
2764,25,Extreme Fear,2018-05-31,
2763,24,Extreme Fear,2018-06-01,
2762,27,Fear,2018-06-02,
2761,40,Fear,2018-06-03,
2760,41,Fear,2018-06-04,
2759,26,Fear,2018-06-05,
2758,42,Fear,2018-06-06,
2757,38,Fear,2018-06-07,
2756,40,Fear,2018-06-08,
2755,39,Fear,2018-06-09,
2754,24,Extreme Fear,2018-06-10,
2753,15,Extreme Fear,2018-06-11,
2752,19,Extreme Fear,2018-06-12,
2751,19,Extreme Fear,2018-06-13,
2750,17,Extreme Fear,2018-06-14,
2749,26,Fear,2018-06-15,
2748,22,Extreme Fear,2018-06-16,
2747,23,Extreme Fear,2018-06-17,
2746,27,Fear,2018-06-18,
2745,32,Fear,2018-06-19,
2744,34,Fear,2018-06-20,
2743,37,Fear,2018-06-21,
2742,28,Fear,2018-06-22,
2741,17,Extreme Fear,2018-06-23,
2740,15,Extreme Fear,2018-06-24,
2739,16,Extreme Fear,2018-06-25,
2738,21,Extreme Fear,2018-06-26,
2737,18,Extreme Fear,2018-06-27,
2736,20,Extreme Fear,2018-06-28,
2735,16,Extreme Fear,2018-06-29,
2734,22,Extreme Fear,2018-06-30,
2733,27,Fear,2018-07-01,
2732,27,Fear,2018-07-02,
2731,31,Fear,2018-07-03,
2730,33,Fear,2018-07-04,
2729,37,Fear,2018-07-05,
2728,34,Fear,2018-07-06,
2727,34,Fear,2018-07-07,
2726,38,Fear,2018-07-08,
2725,39,Fear,2018-07-09,
2724,37,Fear,2018-07-10,
2723,29,Fear,2018-07-11,
2722,33,Fear,2018-07-12,
2721,29,Fear,2018-07-13,
2720,29,Fear,2018-07-14,
2719,32,Fear,2018-07-15,
2718,36,Fear,2018-07-16,
2717,39,Fear,2018-07-17,
2716,42,Fear,2018-07-18,
2715,44,Fear,2018-07-19,
2714,47,Neutral,2018-07-20,
2713,43,Fear,2018-07-21,
2712,46,Fear,2018-07-22,
2711,44,Fear,2018-07-23,
2710,49,Neutral,2018-07-24,
2709,54,Neutral,2018-07-25,
2708,53,Neutral,2018-07-26,
2707,47,Neutral,2018-07-27,
2706,54,Neutral,2018-07-28,
2705,54,Neutral,2018-07-29,
2704,53,Neutral,2018-07-30,
2703,48,Neutral,2018-07-31,
2702,39,Fear,2018-08-01,
2701,39,Fear,2018-08-02,
2700,36,Fear,2018-08-03,
2699,31,Fear,2018-08-04,
2698,23,Extreme Fear,2018-08-05,
2697,25,Extreme Fear,2018-08-06,
2696,25,Extreme Fear,2018-08-07,
2695,23,Extreme Fear,2018-08-08,
2694,19,Extreme Fear,2018-08-09,
2693,21,Extreme Fear,2018-08-10,
2692,18,Extreme Fear,2018-08-11,
2691,18,Extreme Fear,2018-08-12,
2690,21,Extreme Fear,2018-08-13,
2689,16,Extreme Fear,2018-08-14,
2688,18,Extreme Fear,2018-08-15,
2687,21,Extreme Fear,2018-08-16,
2686,19,Extreme Fear,2018-08-17,
2685,24,Extreme Fear,2018-08-18,
2684,27,Fear,2018-08-19,
2683,26,Fear,2018-08-20,
2682,19,Extreme Fear,2018-08-21,
2681,21,Extreme Fear,2018-08-22,
2680,18,Extreme Fear,2018-08-23,
2679,19,Extreme Fear,2018-08-24,
2678,22,Extreme Fear,2018-08-25,
2677,19,Extreme Fear,2018-08-26,
2676,18,Extreme Fear,2018-08-27,
2675,19,Extreme Fear,2018-08-28,
2674,19,Extreme Fear,2018-08-29,
2673,22,Extreme Fear,2018-08-30,
2672,17,Extreme Fear,2018-08-31,
2671,21,Extreme Fear,2018-09-01,
2670,18,Extreme Fear,2018-09-02,
2669,19,Extreme Fear,2018-09-03,
2668,26,Fear,2018-09-04,
2667,17,Extreme Fear,2018-09-05,
2666,14,Extreme Fear,2018-09-06,
2665,17,Extreme Fear,2018-09-07,
2664,18,Extreme Fear,2018-09-08,
2663,13,Extreme Fear,2018-09-09,
2662,15,Extreme Fear,2018-09-10,
2661,18,Extreme Fear,2018-09-11,
2660,14,Extreme Fear,2018-09-12,
2659,20,Extreme Fear,2018-09-13,
2658,23,Extreme Fear,2018-09-14,
2657,24,Extreme Fear,2018-09-15,
2656,28,Fear,2018-09-16,
2655,25,Extreme Fear,2018-09-17,
2654,21,Extreme Fear,2018-09-18,
2653,24,Extreme Fear,2018-09-19,
2652,24,Extreme Fear,2018-09-20,
2651,31,Fear,2018-09-21,
2650,35,Fear,2018-09-22,
2649,38,Fear,2018-09-23,
2648,43,Fear,2018-09-24,
2647,37,Fear,2018-09-25,
2646,37,Fear,2018-09-26,
2645,42,Fear,2018-09-27,
2644,42,Fear,2018-09-28,
2643,37,Fear,2018-09-29,
2642,34,Fear,2018-09-30,
2641,35,Fear,2018-10-01,
2640,33,Fear,2018-10-02,
2639,36,Fear,2018-10-03,
2638,29,Fear,2018-10-04,
2637,37,Fear,2018-10-05,
2636,34,Fear,2018-10-06,
2635,29,Fear,2018-10-07,
2634,26,Fear,2018-10-08,
2633,31,Fear,2018-10-09,
2632,28,Fear,2018-10-10,
2631,19,Extreme Fear,2018-10-11,
2630,13,Extreme Fear,2018-10-12,
2629,15,Extreme Fear,2018-10-13,
2628,18,Extreme Fear,2018-10-14,
2627,20,Extreme Fear,2018-10-15,
2626,24,Extreme Fear,2018-10-16,
2625,23,Extreme Fear,2018-10-17,
2624,26,Fear,2018-10-18,
2623,24,Extreme Fear,2018-10-19,
2622,21,Extreme Fear,2018-10-20,
2621,21,Extreme Fear,2018-10-21,
2620,27,Fear,2018-10-22,
2619,24,Extreme Fear,2018-10-23,
2618,23,Extreme Fear,2018-10-24,
2617,25,Extreme Fear,2018-10-25,
2616,29,Fear,2018-10-26,
2615,33,Fear,2018-10-27,
2614,35,Fear,2018-10-28,
2613,34,Fear,2018-10-29,
2612,31,Fear,2018-10-30,
2611,32,Fear,2018-10-31,
2610,29,Fear,2018-11-01,
2609,36,Fear,2018-11-02,
2608,36,Fear,2018-11-03,
2607,41,Fear,2018-11-04,
2606,42,Fear,2018-11-05,
2605,42,Fear,2018-11-06,
2604,48,Neutral,2018-11-07,
2603,51,Neutral,2018-11-08,
2602,47,Neutral,2018-11-09,
2601,52,Neutral,2018-11-10,
2600,54,Neutral,2018-11-11,
2599,52,Neutral,2018-11-12,
2598,56,Greed,2018-11-13,
2597,49,Neutral,2018-11-14,
2596,28,Fear,2018-11-15,
2595,23,Extreme Fear,2018-11-16,
2594,24,Extreme Fear,2018-11-17,
2593,26,Fear,2018-11-18,
2592,28,Fear,2018-11-19,
2591,21,Extreme Fear,2018-11-20,
2590,15,Extreme Fear,2018-11-21,
2589,14,Extreme Fear,2018-11-22,
2588,12,Extreme Fear,2018-11-23,
2587,15,Extreme Fear,2018-11-24,
2586,9,Extreme Fear,2018-11-25,
2585,17,Extreme Fear,2018-11-26,
2584,11,Extreme Fear,2018-11-27,
2583,14,Extreme Fear,2018-11-28,
2582,18,Extreme Fear,2018-11-29,
2581,19,Extreme Fear,2018-11-30,
2580,13,Extreme Fear,2018-12-01,
2579,15,Extreme Fear,2018-12-02,
2578,17,Extreme Fear,2018-12-03,
2577,12,Extreme Fear,2018-12-04,
2576,19,Extreme Fear,2018-12-05,
2575,13,Extreme Fear,2018-12-06,
2574,11,Extreme Fear,2018-12-07,
2573,11,Extreme Fear,2018-12-08,
2572,14,Extreme Fear,2018-12-09,
2571,19,Extreme Fear,2018-12-10,
2570,15,Extreme Fear,2018-12-11,
2569,14,Extreme Fear,2018-12-12,
2568,14,Extreme Fear,2018-12-13,
2567,10,Extreme Fear,2018-12-14,
2566,11,Extreme Fear,2018-12-15,
2565,13,Extreme Fear,2018-12-16,
2564,17,Extreme Fear,2018-12-17,
2563,23,Extreme Fear,2018-12-18,
2562,21,Extreme Fear,2018-12-19,
2561,27,Fear,2018-12-20,
2560,35,Fear,2018-12-21,
2559,28,Fear,2018-12-22,
2558,31,Fear,2018-12-23,
2557,25,Extreme Fear,2018-12-24,
2556,33,Fear,2018-12-25,
2555,26,Fear,2018-12-26,
2554,29,Fear,2018-12-27,
2553,21,Extreme Fear,2018-12-28,
2552,24,Extreme Fear,2018-12-29,
2551,23,Extreme Fear,2018-12-30,
2550,26,Fear,2018-12-31,
2549,24,Extreme Fear,2019-01-01,
2548,30,Fear,2019-01-02,
2547,33,Fear,2019-01-03,
2546,48,Neutral,2019-01-04,
2545,36,Fear,2019-01-05,
2544,31,Fear,2019-01-06,
2543,39,Fear,2019-01-07,
2542,39,Fear,2019-01-08,
2541,42,Fear,2019-01-09,
2540,37,Fear,2019-01-10,
2539,19,Extreme Fear,2019-01-11,
2538,22,Extreme Fear,2019-01-12,
2537,21,Extreme Fear,2019-01-13,
2536,16,Extreme Fear,2019-01-14,
2535,27,Fear,2019-01-15,
2534,24,Extreme Fear,2019-01-16,
2533,28,Fear,2019-01-17,
2532,29,Fear,2019-01-18,
2531,31,Fear,2019-01-19,
2530,35,Fear,2019-01-20,
2529,30,Fear,2019-01-21,
2528,27,Fear,2019-01-22,
2527,33,Fear,2019-01-23,
2526,37,Fear,2019-01-24,
2525,35,Fear,2019-01-25,
2524,41,Fear,2019-01-26,
2523,39,Fear,2019-01-27,
2522,35,Fear,2019-01-28,
2521,21,Extreme Fear,2019-01-29,
2520,22,Extreme Fear,2019-01-30,
2519,17,Extreme Fear,2019-01-31,
2518,23,Extreme Fear,2019-02-01,
2517,22,Extreme Fear,2019-02-02,
2516,19,Extreme Fear,2019-02-03,
2515,27,Fear,2019-02-04,
2514,21,Extreme Fear,2019-02-05,
2513,14,Extreme Fear,2019-02-06,
2512,18,Extreme Fear,2019-02-07,
2511,37,Fear,2019-02-08,
2510,42,Fear,2019-02-09,
2509,40,Fear,2019-02-10,
2508,46,Fear,2019-02-11,
2507,38,Fear,2019-02-12,
2506,48,Neutral,2019-02-13,
2505,48,Neutral,2019-02-14,
2504,43,Fear,2019-02-15,
2503,43,Fear,2019-02-16,
2502,38,Fear,2019-02-17,
2501,63,Greed,2019-02-18,
2500,65,Greed,2019-02-19,
2499,59,Greed,2019-02-20,
2498,59,Greed,2019-02-21,
2497,61,Greed,2019-02-22,
2496,63,Greed,2019-02-23,
2495,69,Greed,2019-02-24,
2494,47,Neutral,2019-02-25,
2493,40,Fear,2019-02-26,
2492,39,Fear,2019-02-27,
2491,39,Fear,2019-02-28,
2490,42,Fear,2019-03-01,
2489,41,Fear,2019-03-02,
2488,44,Fear,2019-03-03,
2487,36,Fear,2019-03-04,
2486,35,Fear,2019-03-05,
2485,42,Fear,2019-03-06,
2484,56,Greed,2019-03-07,
2483,54,Neutral,2019-03-08,
2482,55,Greed,2019-03-09,
2481,55,Greed,2019-03-10,
2480,56,Greed,2019-03-11,
2479,56,Greed,2019-03-12,
2478,54,Neutral,2019-03-13,
2477,55,Greed,2019-03-14,
2476,55,Greed,2019-03-15,
2475,54,Neutral,2019-03-16,
2474,58,Greed,2019-03-17,
2473,56,Greed,2019-03-18,
2472,56,Greed,2019-03-19,
2471,55,Greed,2019-03-20,
2470,62,Greed,2019-03-21,
2469,56,Greed,2019-03-22,
2468,50,Neutral,2019-03-23,
2467,44,Fear,2019-03-24,
2466,46,Fear,2019-03-25,
2465,43,Fear,2019-03-26,
2464,44,Fear,2019-03-27,
2463,49,Neutral,2019-03-28,
2462,50,Neutral,2019-03-29,
2461,57,Greed,2019-03-30,
2460,56,Greed,2019-03-31,
2459,62,Greed,2019-04-01,
2458,60,Greed,2019-04-02,
2457,71,Greed,2019-04-03,
2456,61,Greed,2019-04-04,
2455,59,Greed,2019-04-05,
2454,65,Greed,2019-04-06,
2453,69,Greed,2019-04-07,
2452,65,Greed,2019-04-08,
2451,64,Greed,2019-04-09,
2450,62,Greed,2019-04-10,
2449,65,Greed,2019-04-11,
2448,42,Fear,2019-04-12,
2447,62,Greed,2019-04-13,
2446,51,Neutral,2019-04-14,
2445,60,Greed,2019-04-15,
2444,50,Neutral,2019-04-16,
2443,61,Greed,2019-04-17,
2442,64,Greed,2019-04-18,
2441,61,Greed,2019-04-19,
2440,62,Greed,2019-04-20,
2439,62,Greed,2019-04-21,
2438,61,Greed,2019-04-22,
2437,68,Greed,2019-04-23,
2436,65,Greed,2019-04-24,
2435,58,Greed,2019-04-25,
2434,41,Fear,2019-04-26,
2433,42,Fear,2019-04-27,
2432,40,Fear,2019-04-28,
2431,42,Fear,2019-04-29,
2430,42,Fear,2019-04-30,
2429,51,Neutral,2019-05-01,
2428,50,Neutral,2019-05-02,
2427,63,Greed,2019-05-03,
2426,66,Greed,2019-05-04,
2425,67,Greed,2019-05-05,
2424,57,Greed,2019-05-06,
2423,69,Greed,2019-05-07,
2422,63,Greed,2019-05-08,
2421,69,Greed,2019-05-09,
2420,71,Greed,2019-05-10,
2419,76,Extreme Greed,2019-05-11,
2418,75,Greed,2019-05-12,
2417,78,Extreme Greed,2019-05-13,
2416,78,Extreme Greed,2019-05-14,
2415,77,Extreme Greed,2019-05-15,
2414,75,Greed,2019-05-16,
2413,65,Greed,2019-05-17,
2412,67,Greed,2019-05-18,
2411,70,Greed,2019-05-19,
2410,73,Greed,2019-05-20,
2409,68,Greed,2019-05-21,
2408,69,Greed,2019-05-22,
2407,65,Greed,2019-05-23,
2406,64,Greed,2019-05-24,
2405,69,Greed,2019-05-25,
2404,67,Greed,2019-05-26,
2403,70,Greed,2019-05-27,
2402,71,Greed,2019-05-28,
2401,71,Greed,2019-05-29,
2400,73,Greed,2019-05-30,
2399,61,Greed,2019-05-31,
2398,62,Greed,2019-06-01,
2397,63,Greed,2019-06-02,
2396,66,Greed,2019-06-03,
2395,42,Fear,2019-06-04,
2394,27,Fear,2019-06-05,
2393,34,Fear,2019-06-06,
2392,27,Fear,2019-06-07,
2391,62,Greed,2019-06-08,
2390,62,Greed,2019-06-09,
2389,46,Fear,2019-06-10,
2388,61,Greed,2019-06-11,
2387,60,Greed,2019-06-12,
2386,63,Greed,2019-06-13,
2385,67,Greed,2019-06-14,
2384,75,Greed,2019-06-15,
2383,80,Extreme Greed,2019-06-16,
2382,84,Extreme Greed,2019-06-17,
2381,83,Extreme Greed,2019-06-18,
2380,82,Extreme Greed,2019-06-19,
2379,81,Extreme Greed,2019-06-20,
2378,84,Extreme Greed,2019-06-21,
2377,83,Extreme Greed,2019-06-22,
2376,84,Extreme Greed,2019-06-23,
2375,80,Extreme Greed,2019-06-24,
2374,87,Extreme Greed,2019-06-25,
2373,95,Extreme Greed,2019-06-26,
2372,92,Extreme Greed,2019-06-27,
2371,62,Greed,2019-06-28,
2370,74,Greed,2019-06-29,
2369,78,Extreme Greed,2019-06-30,
2368,65,Greed,2019-07-01,
2367,63,Greed,2019-07-02,
2366,79,Extreme Greed,2019-07-03,
2365,76,Extreme Greed,2019-07-04,
2364,67,Greed,2019-07-05,
2363,72,Greed,2019-07-06,
2362,67,Greed,2019-07-07,
2361,74,Greed,2019-07-08,
2360,84,Extreme Greed,2019-07-09,
2359,83,Extreme Greed,2019-07-10,
2358,62,Greed,2019-07-11,
2357,33,Fear,2019-07-12,
2356,65,Greed,2019-07-13,
2355,61,Greed,2019-07-14,
2354,16,Extreme Fear,2019-07-15,
2353,34,Fear,2019-07-16,
2352,19,Extreme Fear,2019-07-17,
2351,40,Fear,2019-07-18,
2350,42,Fear,2019-07-19,
2349,34,Fear,2019-07-20,
2348,42,Fear,2019-07-21,
2347,42,Fear,2019-07-22,
2346,40,Fear,2019-07-23,
2345,20,Extreme Fear,2019-07-24,
2344,42,Fear,2019-07-25,
2343,24,Extreme Fear,2019-07-26,
2342,47,Neutral,2019-07-27,
2341,16,Extreme Fear,2019-07-28,
2340,19,Extreme Fear,2019-07-29,
2339,22,Extreme Fear,2019-07-30,
2338,31,Fear,2019-07-31,
2337,57,Greed,2019-08-01,
2336,61,Greed,2019-08-02,
2335,61,Greed,2019-08-03,
2334,62,Greed,2019-08-04,
2333,64,Greed,2019-08-05,
2332,66,Greed,2019-08-06,
2331,45,Fear,2019-08-07,
2330,61,Greed,2019-08-08,
2329,60,Greed,2019-08-09,
2328,59,Greed,2019-08-10,
2327,45,Fear,2019-08-11,
2326,48,Neutral,2019-08-12,
2325,45,Fear,2019-08-13,
2324,11,Extreme Fear,2019-08-14,
2323,13,Extreme Fear,2019-08-15,
2322,31,Fear,2019-08-16,
2321,20,Extreme Fear,2019-08-17,
2320,14,Extreme Fear,2019-08-18,
2319,30,Fear,2019-08-19,
2318,39,Fear,2019-08-20,
2317,11,Extreme Fear,2019-08-21,
2316,5,Extreme Fear,2019-08-22,
2315,33,Fear,2019-08-23,
2314,39,Fear,2019-08-24,
2313,33,Fear,2019-08-25,
2312,41,Fear,2019-08-26,
2311,30,Fear,2019-08-27,
2310,32,Fear,2019-08-28,
2309,20,Extreme Fear,2019-08-29,
2308,24,Extreme Fear,2019-08-30,
2307,20,Extreme Fear,2019-08-31,
2306,24,Extreme Fear,2019-09-01,
2305,28,Fear,2019-09-02,
2304,41,Fear,2019-09-03,
2303,43,Fear,2019-09-04,
2302,41,Fear,2019-09-05,
2301,43,Fear,2019-09-06,
2300,39,Fear,2019-09-07,
2299,43,Fear,2019-09-08,
2298,41,Fear,2019-09-09,
2297,41,Fear,2019-09-10,
2296,38,Fear,2019-09-11,
2295,39,Fear,2019-09-12,
2294,38,Fear,2019-09-13,
2293,39,Fear,2019-09-14,
2292,38,Fear,2019-09-15,
2291,38,Fear,2019-09-16,
2290,41,Fear,2019-09-17,
2289,38,Fear,2019-09-18,
2288,31,Fear,2019-09-19,
2287,41,Fear,2019-09-20,
2286,37,Fear,2019-09-21,
2285,37,Fear,2019-09-22,
2284,41,Fear,2019-09-23,
2283,39,Fear,2019-09-24,
2282,15,Extreme Fear,2019-09-25,
2281,12,Extreme Fear,2019-09-26,
2280,24,Extreme Fear,2019-09-27,
2279,32,Fear,2019-09-28,
2278,33,Fear,2019-09-29,
2277,27,Fear,2019-09-30,
2276,38,Fear,2019-10-01,
2275,39,Fear,2019-10-02,
2274,37,Fear,2019-10-03,
2273,30,Fear,2019-10-04,
2272,31,Fear,2019-10-05,
2271,32,Fear,2019-10-06,
2270,27,Fear,2019-10-07,
2269,39,Fear,2019-10-08,
2268,37,Fear,2019-10-09,
2267,41,Fear,2019-10-10,
2266,39,Fear,2019-10-11,
2265,38,Fear,2019-10-12,
2264,38,Fear,2019-10-13,
2263,37,Fear,2019-10-14,
2262,39,Fear,2019-10-15,
2261,40,Fear,2019-10-16,
2260,40,Fear,2019-10-17,
2259,40,Fear,2019-10-18,
2258,41,Fear,2019-10-19,
2257,37,Fear,2019-10-20,
2256,37,Fear,2019-10-21,
2255,39,Fear,2019-10-22,
2254,33,Fear,2019-10-23,
2253,20,Extreme Fear,2019-10-24,
2252,24,Extreme Fear,2019-10-25,
2251,53,Neutral,2019-10-26,
2250,50,Neutral,2019-10-27,
2249,52,Neutral,2019-10-28,
2248,54,Neutral,2019-10-29,
2247,53,Neutral,2019-10-30,
2246,50,Neutral,2019-10-31,
2245,49,Neutral,2019-11-01,
2244,51,Neutral,2019-11-02,
2243,56,Greed,2019-11-03,
2242,49,Neutral,2019-11-04,
2241,54,Neutral,2019-11-05,
2240,53,Neutral,2019-11-06,
2239,54,Neutral,2019-11-07,
2238,42,Fear,2019-11-08,
2237,38,Fear,2019-11-09,
2236,39,Fear,2019-11-10,
2235,40,Fear,2019-11-11,
2234,39,Fear,2019-11-12,
2233,38,Fear,2019-11-13,
2232,41,Fear,2019-11-14,
2231,38,Fear,2019-11-15,
2230,41,Fear,2019-11-16,
2229,38,Fear,2019-11-17,
2228,38,Fear,2019-11-18,
2227,32,Fear,2019-11-19,
2226,32,Fear,2019-11-20,
2225,30,Fear,2019-11-21,
2224,20,Extreme Fear,2019-11-22,
2223,23,Extreme Fear,2019-11-23,
2222,21,Extreme Fear,2019-11-24,
2221,17,Extreme Fear,2019-11-25,
2220,21,Extreme Fear,2019-11-26,
2219,20,Extreme Fear,2019-11-27,
2218,32,Fear,2019-11-28,
2217,31,Fear,2019-11-29,
2216,38,Fear,2019-11-30,
2215,25,Extreme Fear,2019-12-01,
2214,28,Fear,2019-12-02,
2213,28,Fear,2019-12-03,
2212,24,Extreme Fear,2019-12-04,
2211,21,Extreme Fear,2019-12-05,
2210,29,Fear,2019-12-06,
2209,32,Fear,2019-12-07,
2208,28,Fear,2019-12-08,
2207,32,Fear,2019-12-09,
2206,26,Fear,2019-12-10,
2205,20,Extreme Fear,2019-12-11,
2204,23,Extreme Fear,2019-12-12,
2203,22,Extreme Fear,2019-12-13,
2202,27,Fear,2019-12-14,
2201,21,Extreme Fear,2019-12-15,
2200,24,Extreme Fear,2019-12-16,
2199,23,Extreme Fear,2019-12-17,
2198,15,Extreme Fear,2019-12-18,
2197,21,Extreme Fear,2019-12-19,
2196,23,Extreme Fear,2019-12-20,
2195,23,Extreme Fear,2019-12-21,
2194,20,Extreme Fear,2019-12-22,
2193,33,Fear,2019-12-23,
2192,25,Extreme Fear,2019-12-24,
2191,22,Extreme Fear,2019-12-25,
2190,39,Fear,2019-12-26,
2189,38,Fear,2019-12-27,
2188,37,Fear,2019-12-28,
2187,37,Fear,2019-12-29,
2186,40,Fear,2019-12-30,
2185,38,Fear,2019-12-31,
2184,37,Fear,2020-01-01,
2183,39,Fear,2020-01-02,
2182,38,Fear,2020-01-03,
2181,38,Fear,2020-01-04,
2180,39,Fear,2020-01-05,
2179,41,Fear,2020-01-06,
2178,40,Fear,2020-01-07,
2177,51,Neutral,2020-01-08,
2176,44,Fear,2020-01-09,
2175,41,Fear,2020-01-10,
2174,50,Neutral,2020-01-11,
2173,45,Fear,2020-01-12,
2172,49,Neutral,2020-01-13,
2171,56,Greed,2020-01-14,
2170,54,Neutral,2020-01-15,
2169,55,Greed,2020-01-16,
2168,54,Neutral,2020-01-17,
2167,51,Neutral,2020-01-18,
2166,53,Neutral,2020-01-19,
2165,48,Neutral,2020-01-20,
2164,49,Neutral,2020-01-21,
2163,52,Neutral,2020-01-22,
2162,49,Neutral,2020-01-23,
2161,40,Fear,2020-01-24,
2160,41,Fear,2020-01-25,
2159,42,Fear,2020-01-26,
2158,50,Neutral,2020-01-27,
2157,54,Neutral,2020-01-28,
2156,57,Greed,2020-01-29,
2155,57,Greed,2020-01-30,
2154,55,Greed,2020-01-31,
2153,57,Greed,2020-02-01,
2152,57,Greed,2020-02-02,
2151,59,Greed,2020-02-03,
2150,56,Greed,2020-02-04,
2149,53,Neutral,2020-02-05,
2148,61,Greed,2020-02-06,
2147,56,Greed,2020-02-07,
2146,56,Greed,2020-02-08,
2145,56,Greed,2020-02-09,
2144,57,Greed,2020-02-10,
2143,52,Neutral,2020-02-11,
2142,61,Greed,2020-02-12,
2141,65,Greed,2020-02-13,
2140,63,Greed,2020-02-14,
2139,64,Greed,2020-02-15,
2138,59,Greed,2020-02-16,
2137,49,Neutral,2020-02-17,
2136,53,Neutral,2020-02-18,
2135,50,Neutral,2020-02-19,
2134,44,Fear,2020-02-20,
2133,44,Fear,2020-02-21,
2132,43,Fear,2020-02-22,
2131,46,Fear,2020-02-23,
2130,46,Fear,2020-02-24,
2129,44,Fear,2020-02-25,
2128,41,Fear,2020-02-26,
2127,39,Fear,2020-02-27,
2126,40,Fear,2020-02-28,
2125,38,Fear,2020-02-29,
2124,39,Fear,2020-03-01,
2123,38,Fear,2020-03-02,
2122,38,Fear,2020-03-03,
2121,40,Fear,2020-03-04,
2120,41,Fear,2020-03-05,
2119,39,Fear,2020-03-06,
2118,38,Fear,2020-03-07,
2117,33,Fear,2020-03-08,
2116,17,Extreme Fear,2020-03-09,
2115,16,Extreme Fear,2020-03-10,
2114,17,Extreme Fear,2020-03-11,
2113,14,Extreme Fear,2020-03-12,
2112,10,Extreme Fear,2020-03-13,
2111,8,Extreme Fear,2020-03-14,
2110,12,Extreme Fear,2020-03-15,
2109,9,Extreme Fear,2020-03-16,
2108,8,Extreme Fear,2020-03-17,
2107,11,Extreme Fear,2020-03-18,
2106,12,Extreme Fear,2020-03-19,
2105,9,Extreme Fear,2020-03-20,
2104,9,Extreme Fear,2020-03-21,
2103,11,Extreme Fear,2020-03-22,
2102,10,Extreme Fear,2020-03-23,
2101,12,Extreme Fear,2020-03-24,
2100,13,Extreme Fear,2020-03-25,
2099,14,Extreme Fear,2020-03-26,
2098,12,Extreme Fear,2020-03-27,
2097,8,Extreme Fear,2020-03-28,
2096,12,Extreme Fear,2020-03-29,
2095,10,Extreme Fear,2020-03-30,
2094,12,Extreme Fear,2020-03-31,
2093,12,Extreme Fear,2020-04-01,
2092,14,Extreme Fear,2020-04-02,
2091,14,Extreme Fear,2020-04-03,
2090,12,Extreme Fear,2020-04-04,
2089,12,Extreme Fear,2020-04-05,
2088,12,Extreme Fear,2020-04-06,
2087,20,Extreme Fear,2020-04-07,
2086,21,Extreme Fear,2020-04-08,
2085,22,Extreme Fear,2020-04-09,
2084,15,Extreme Fear,2020-04-10,
2083,15,Extreme Fear,2020-04-11,
2082,10,Extreme Fear,2020-04-12,
2081,11,Extreme Fear,2020-04-13,
2080,15,Extreme Fear,2020-04-14,
2079,18,Extreme Fear,2020-04-15,
2078,13,Extreme Fear,2020-04-16,
2077,15,Extreme Fear,2020-04-17,
2076,18,Extreme Fear,2020-04-18,
2075,16,Extreme Fear,2020-04-19,
2074,15,Extreme Fear,2020-04-20,
2073,17,Extreme Fear,2020-04-21,
2072,19,Extreme Fear,2020-04-22,
2071,19,Extreme Fear,2020-04-23,
2070,20,Extreme Fear,2020-04-24,
2069,24,Extreme Fear,2020-04-25,
2068,21,Extreme Fear,2020-04-26,
2067,28,Fear,2020-04-27,
2066,26,Fear,2020-04-28,
2065,26,Fear,2020-04-29,
2064,44,Fear,2020-04-30,
2063,40,Fear,2020-05-01,
2062,40,Fear,2020-05-02,
2061,45,Fear,2020-05-03,
2060,44,Fear,2020-05-04,
2059,40,Fear,2020-05-05,
2058,42,Fear,2020-05-06,
2057,49,Neutral,2020-05-07,
2056,55,Greed,2020-05-08,
2055,56,Greed,2020-05-09,
2054,48,Neutral,2020-05-10,
2053,40,Fear,2020-05-11,
2052,39,Fear,2020-05-12,
2051,41,Fear,2020-05-13,
2050,40,Fear,2020-05-14,
2049,44,Fear,2020-05-15,
2048,41,Fear,2020-05-16,
2047,40,Fear,2020-05-17,
2046,50,Neutral,2020-05-18,
2045,50,Neutral,2020-05-19,
2044,52,Neutral,2020-05-20,
2043,49,Neutral,2020-05-21,
2042,42,Fear,2020-05-22,
2041,40,Fear,2020-05-23,
2040,43,Fear,2020-05-24,
2039,41,Fear,2020-05-25,
2038,39,Fear,2020-05-26,
2037,39,Fear,2020-05-27,
2036,41,Fear,2020-05-28,
2035,48,Neutral,2020-05-29,
2034,48,Neutral,2020-05-30,
2033,51,Neutral,2020-05-31,
2032,50,Neutral,2020-06-01,
2031,56,Greed,2020-06-02,
2030,48,Neutral,2020-06-03,
2029,54,Neutral,2020-06-04,
2028,53,Neutral,2020-06-05,
2027,54,Neutral,2020-06-06,
2026,54,Neutral,2020-06-07,
2025,53,Neutral,2020-06-08,
2024,52,Neutral,2020-06-09,
2023,54,Neutral,2020-06-10,
2022,52,Neutral,2020-06-11,
2021,38,Fear,2020-06-12,
2020,38,Fear,2020-06-13,
2019,40,Fear,2020-06-14,
2018,37,Fear,2020-06-15,
2017,39,Fear,2020-06-16,
2016,38,Fear,2020-06-17,
2015,40,Fear,2020-06-18,
2014,39,Fear,2020-06-19,
2013,38,Fear,2020-06-20,
2012,37,Fear,2020-06-21,
2011,38,Fear,2020-06-22,
2010,41,Fear,2020-06-23,
2009,50,Neutral,2020-06-24,
2008,43,Fear,2020-06-25,
2007,40,Fear,2020-06-26,
2006,43,Fear,2020-06-27,
2005,40,Fear,2020-06-28,
2004,41,Fear,2020-06-29,
2003,44,Fear,2020-06-30,
2002,42,Fear,2020-07-01,
2001,42,Fear,2020-07-02,
2000,41,Fear,2020-07-03,
1999,40,Fear,2020-07-04,
1998,38,Fear,2020-07-05,
1997,40,Fear,2020-07-06,
1996,43,Fear,2020-07-07,
1995,44,Fear,2020-07-08,
1994,44,Fear,2020-07-09,
1993,41,Fear,2020-07-10,
1992,44,Fear,2020-07-11,
1991,41,Fear,2020-07-12,
1990,43,Fear,2020-07-13,
1989,43,Fear,2020-07-14,
1988,44,Fear,2020-07-15,
1987,43,Fear,2020-07-16,
1986,41,Fear,2020-07-17,
1985,44,Fear,2020-07-18,
1984,41,Fear,2020-07-19,
1983,44,Fear,2020-07-20,
1982,44,Fear,2020-07-21,
1981,50,Neutral,2020-07-22,
1980,55,Greed,2020-07-23,
1979,53,Neutral,2020-07-24,
1978,55,Greed,2020-07-25,
1977,55,Greed,2020-07-26,
1976,58,Greed,2020-07-27,
1975,76,Extreme Greed,2020-07-28,
1974,71,Greed,2020-07-29,
1973,76,Extreme Greed,2020-07-30,
1972,75,Greed,2020-07-31,
1971,75,Greed,2020-08-01,
1970,80,Extreme Greed,2020-08-02,
1969,75,Greed,2020-08-03,
1968,72,Greed,2020-08-04,
1967,75,Greed,2020-08-05,
1966,79,Extreme Greed,2020-08-06,
1965,77,Extreme Greed,2020-08-07,
1964,77,Extreme Greed,2020-08-08,
1963,79,Extreme Greed,2020-08-09,
1962,78,Extreme Greed,2020-08-10,
1961,84,Extreme Greed,2020-08-11,
1960,75,Greed,2020-08-12,
1959,75,Greed,2020-08-13,
1958,78,Extreme Greed,2020-08-14,
1957,79,Extreme Greed,2020-08-15,
1956,82,Extreme Greed,2020-08-16,
1955,83,Extreme Greed,2020-08-17,
1954,82,Extreme Greed,2020-08-18,
1953,80,Extreme Greed,2020-08-19,
1952,75,Greed,2020-08-20,
1951,81,Extreme Greed,2020-08-21,
1950,78,Extreme Greed,2020-08-22,
1949,76,Extreme Greed,2020-08-23,
1948,78,Extreme Greed,2020-08-24,
1947,75,Greed,2020-08-25,
1946,76,Extreme Greed,2020-08-26,
1945,75,Greed,2020-08-27,
1944,74,Greed,2020-08-28,
1943,79,Extreme Greed,2020-08-29,
1942,75,Greed,2020-08-30,
1941,75,Greed,2020-08-31,
1940,75,Greed,2020-09-01,
1939,83,Extreme Greed,2020-09-02,
1938,79,Extreme Greed,2020-09-03,
1937,40,Fear,2020-09-04,
1936,41,Fear,2020-09-05,
1935,41,Fear,2020-09-06,
1934,41,Fear,2020-09-07,
1933,41,Fear,2020-09-08,
1932,38,Fear,2020-09-09,
1931,38,Fear,2020-09-10,
1930,41,Fear,2020-09-11,
1929,41,Fear,2020-09-12,
1928,38,Fear,2020-09-13,
1927,39,Fear,2020-09-14,
1926,47,Neutral,2020-09-15,
1925,43,Fear,2020-09-16,
1924,48,Neutral,2020-09-17,
1923,49,Neutral,2020-09-18,
1922,48,Neutral,2020-09-19,
1921,52,Neutral,2020-09-20,
1920,48,Neutral,2020-09-21,
1919,39,Fear,2020-09-22,
1918,43,Fear,2020-09-23,
1917,39,Fear,2020-09-24,
1916,46,Fear,2020-09-25,
1915,45,Fear,2020-09-26,
1914,47,Neutral,2020-09-27,
1913,43,Fear,2020-09-28,
1912,45,Fear,2020-09-29,
1911,49,Neutral,2020-09-30,
1910,45,Fear,2020-10-01,
1909,41,Fear,2020-10-02,
1908,40,Fear,2020-10-03,
1907,42,Fear,2020-10-04,
1906,42,Fear,2020-10-05,
1905,47,Neutral,2020-10-06,
1904,43,Fear,2020-10-07,
1903,46,Fear,2020-10-08,
1902,48,Neutral,2020-10-09,
1901,53,Neutral,2020-10-10,
1900,55,Greed,2020-10-11,
1899,52,Neutral,2020-10-12,
1898,56,Greed,2020-10-13,
1897,53,Neutral,2020-10-14,
1896,56,Greed,2020-10-15,
1895,52,Neutral,2020-10-16,
1894,56,Greed,2020-10-17,
1893,55,Greed,2020-10-18,
1892,55,Greed,2020-10-19,
1891,56,Greed,2020-10-20,
1890,61,Greed,2020-10-21,
1889,73,Greed,2020-10-22,
1888,74,Greed,2020-10-23,
1887,73,Greed,2020-10-24,
1886,76,Extreme Greed,2020-10-25,
1885,75,Greed,2020-10-26,
1884,61,Greed,2020-10-27,
1883,70,Greed,2020-10-28,
1882,67,Greed,2020-10-29,
1881,74,Greed,2020-10-30,
1880,73,Greed,2020-10-31,
1879,72,Greed,2020-11-01,
1878,71,Greed,2020-11-02,
1877,71,Greed,2020-11-03,
1876,74,Greed,2020-11-04,
1875,72,Greed,2020-11-05,
1874,90,Extreme Greed,2020-11-06,
1873,88,Extreme Greed,2020-11-07,
1872,82,Extreme Greed,2020-11-08,
1871,90,Extreme Greed,2020-11-09,
1870,90,Extreme Greed,2020-11-10,
1869,86,Extreme Greed,2020-11-11,
1868,87,Extreme Greed,2020-11-12,
1867,89,Extreme Greed,2020-11-13,
1866,90,Extreme Greed,2020-11-14,
1865,86,Extreme Greed,2020-11-15,
1864,90,Extreme Greed,2020-11-16,
1863,86,Extreme Greed,2020-11-17,
1862,91,Extreme Greed,2020-11-18,
1861,94,Extreme Greed,2020-11-19,
1860,86,Extreme Greed,2020-11-20,
1859,91,Extreme Greed,2020-11-21,
1858,94,Extreme Greed,2020-11-22,
1857,90,Extreme Greed,2020-11-23,
1856,88,Extreme Greed,2020-11-24,
1855,94,Extreme Greed,2020-11-25,
1854,93,Extreme Greed,2020-11-26,
1853,86,Extreme Greed,2020-11-27,
1852,87,Extreme Greed,2020-11-28,
1851,89,Extreme Greed,2020-11-29,
1850,88,Extreme Greed,2020-11-30,
1849,95,Extreme Greed,2020-12-01,
1848,92,Extreme Greed,2020-12-02,
1847,92,Extreme Greed,2020-12-03,
1846,92,Extreme Greed,2020-12-04,
1845,93,Extreme Greed,2020-12-05,
1844,95,Extreme Greed,2020-12-06,
1843,94,Extreme Greed,2020-12-07,
1842,95,Extreme Greed,2020-12-08,
1841,86,Extreme Greed,2020-12-09,
1840,94,Extreme Greed,2020-12-10,
1839,89,Extreme Greed,2020-12-11,
1838,90,Extreme Greed,2020-12-12,
1837,91,Extreme Greed,2020-12-13,
1836,95,Extreme Greed,2020-12-14,
1835,91,Extreme Greed,2020-12-15,
1834,92,Extreme Greed,2020-12-16,
1833,92,Extreme Greed,2020-12-17,
1832,95,Extreme Greed,2020-12-18,
1831,93,Extreme Greed,2020-12-19,
1830,92,Extreme Greed,2020-12-20,
1829,92,Extreme Greed,2020-12-21,
1828,88,Extreme Greed,2020-12-22,
1827,93,Extreme Greed,2020-12-23,
1826,86,Extreme Greed,2020-12-24,
1825,94,Extreme Greed,2020-12-25,
1824,93,Extreme Greed,2020-12-26,
1823,91,Extreme Greed,2020-12-27,
1822,92,Extreme Greed,2020-12-28,
1821,91,Extreme Greed,2020-12-29,
1820,91,Extreme Greed,2020-12-30,
1819,95,Extreme Greed,2020-12-31,
1818,94,Extreme Greed,2021-01-01,
1817,94,Extreme Greed,2021-01-02,
1816,93,Extreme Greed,2021-01-03,
1815,94,Extreme Greed,2021-01-04,
1814,93,Extreme Greed,2021-01-05,
1813,95,Extreme Greed,2021-01-06,
1812,91,Extreme Greed,2021-01-07,
1811,93,Extreme Greed,2021-01-08,
1810,93,Extreme Greed,2021-01-09,
1809,94,Extreme Greed,2021-01-10,
1808,90,Extreme Greed,2021-01-11,
1807,84,Extreme Greed,2021-01-12,
1806,78,Extreme Greed,2021-01-13,
1805,83,Extreme Greed,2021-01-14,
1804,88,Extreme Greed,2021-01-15,
1803,84,Extreme Greed,2021-01-16,
1802,79,Extreme Greed,2021-01-17,
1801,79,Extreme Greed,2021-01-18,
1800,80,Extreme Greed,2021-01-19,
1799,78,Extreme Greed,2021-01-20,
1798,75,Greed,2021-01-21,
1797,40,Fear,2021-01-22,
1796,74,Greed,2021-01-23,
1795,70,Greed,2021-01-24,
1794,74,Greed,2021-01-25,
1793,71,Greed,2021-01-26,
1792,78,Extreme Greed,2021-01-27,
1791,55,Greed,2021-01-28,
1790,77,Extreme Greed,2021-01-29,
1789,76,Extreme Greed,2021-01-30,
1788,78,Extreme Greed,2021-01-31,
1787,77,Extreme Greed,2021-02-01,
1786,76,Extreme Greed,2021-02-02,
1785,78,Extreme Greed,2021-02-03,
1784,80,Extreme Greed,2021-02-04,
1783,81,Extreme Greed,2021-02-05,
1782,84,Extreme Greed,2021-02-06,
1781,86,Extreme Greed,2021-02-07,
1780,83,Extreme Greed,2021-02-08,
1779,95,Extreme Greed,2021-02-09,
1778,92,Extreme Greed,2021-02-10,
1777,93,Extreme Greed,2021-02-11,
1776,92,Extreme Greed,2021-02-12,
1775,92,Extreme Greed,2021-02-13,
1774,95,Extreme Greed,2021-02-14,
1773,93,Extreme Greed,2021-02-15,
1772,95,Extreme Greed,2021-02-16,
1771,95,Extreme Greed,2021-02-17,
1770,91,Extreme Greed,2021-02-18,
1769,93,Extreme Greed,2021-02-19,
1768,91,Extreme Greed,2021-02-20,
1767,91,Extreme Greed,2021-02-21,
1766,94,Extreme Greed,2021-02-22,
1765,94,Extreme Greed,2021-02-23,
1764,76,Extreme Greed,2021-02-24,
1763,79,Extreme Greed,2021-02-25,
1762,55,Greed,2021-02-26,
1761,56,Greed,2021-02-27,
1760,55,Greed,2021-02-28,
1759,38,Fear,2021-03-01,
1758,78,Extreme Greed,2021-03-02,
1757,78,Extreme Greed,2021-03-03,
1756,84,Extreme Greed,2021-03-04,
1755,77,Extreme Greed,2021-03-05,
1754,77,Extreme Greed,2021-03-06,
1753,76,Extreme Greed,2021-03-07,
1752,81,Extreme Greed,2021-03-08,
1751,81,Extreme Greed,2021-03-09,
1750,68,Greed,2021-03-10,
1749,73,Greed,2021-03-11,
1748,70,Greed,2021-03-12,
1747,74,Greed,2021-03-13,
1746,78,Extreme Greed,2021-03-14,
1745,76,Extreme Greed,2021-03-15,
1744,71,Greed,2021-03-16,
1743,71,Greed,2021-03-17,
1742,72,Greed,2021-03-18,
1741,71,Greed,2021-03-19,
1740,75,Greed,2021-03-20,
1739,73,Greed,2021-03-21,
1738,70,Greed,2021-03-22,
1737,66,Greed,2021-03-23,
1736,65,Greed,2021-03-24,
1735,60,Greed,2021-03-25,
1734,54,Neutral,2021-03-26,
1733,65,Greed,2021-03-27,
1732,74,Greed,2021-03-28,
1731,72,Greed,2021-03-29,
1730,72,Greed,2021-03-30,
1729,76,Extreme Greed,2021-03-31,
1728,74,Greed,2021-04-01,
1727,74,Greed,2021-04-02,
1726,73,Greed,2021-04-03,
1725,74,Greed,2021-04-04,
1724,71,Greed,2021-04-05,
1723,75,Greed,2021-04-06,
1722,72,Greed,2021-04-07,
1721,73,Greed,2021-04-08,
1720,70,Greed,2021-04-09,
1719,70,Greed,2021-04-10,
1718,76,Extreme Greed,2021-04-11,
1717,74,Greed,2021-04-12,
1716,74,Greed,2021-04-13,
1715,75,Greed,2021-04-14,
1714,79,Extreme Greed,2021-04-15,
1713,78,Extreme Greed,2021-04-16,
1712,76,Extreme Greed,2021-04-17,
1711,79,Extreme Greed,2021-04-18,
1710,74,Greed,2021-04-19,
1709,73,Greed,2021-04-20,
1708,73,Greed,2021-04-21,
1707,65,Greed,2021-04-22,
1706,55,Greed,2021-04-23,
1705,37,Fear,2021-04-24,
1704,31,Fear,2021-04-25,
1703,27,Fear,2021-04-26,
1702,50,Neutral,2021-04-27,
1701,59,Greed,2021-04-28,
1700,52,Neutral,2021-04-29,
1699,51,Neutral,2021-04-30,
1698,68,Greed,2021-05-01,
1697,66,Greed,2021-05-02,
1696,61,Greed,2021-05-03,
1695,68,Greed,2021-05-04,
1694,48,Neutral,2021-05-05,
1693,65,Greed,2021-05-06,
1692,64,Greed,2021-05-07,
1691,67,Greed,2021-05-08,
1690,73,Greed,2021-05-09,
1689,72,Greed,2021-05-10,
1688,61,Greed,2021-05-11,
1687,68,Greed,2021-05-12,
1686,31,Fear,2021-05-13,
1685,26,Fear,2021-05-14,
1684,27,Fear,2021-05-15,
1683,20,Extreme Fear,2021-05-16,
1682,27,Fear,2021-05-17,
1681,21,Extreme Fear,2021-05-18,
1680,23,Extreme Fear,2021-05-19,
1679,11,Extreme Fear,2021-05-20,
1678,19,Extreme Fear,2021-05-21,
1677,12,Extreme Fear,2021-05-22,
1676,14,Extreme Fear,2021-05-23,
1675,10,Extreme Fear,2021-05-24,
1674,22,Extreme Fear,2021-05-25,
1673,22,Extreme Fear,2021-05-26,
1672,27,Fear,2021-05-27,
1671,21,Extreme Fear,2021-05-28,
1670,18,Extreme Fear,2021-05-29,
1669,10,Extreme Fear,2021-05-30,
1668,18,Extreme Fear,2021-05-31,
1667,20,Extreme Fear,2021-06-01,
1666,23,Extreme Fear,2021-06-02,
1665,24,Extreme Fear,2021-06-03,
1664,27,Fear,2021-06-04,
1663,24,Extreme Fear,2021-06-05,
1662,17,Extreme Fear,2021-06-06,
1661,15,Extreme Fear,2021-06-07,
1660,13,Extreme Fear,2021-06-08,
1659,14,Extreme Fear,2021-06-09,
1658,21,Extreme Fear,2021-06-10,
1657,21,Extreme Fear,2021-06-11,
1656,28,Fear,2021-06-12,
1655,23,Extreme Fear,2021-06-13,
1654,28,Fear,2021-06-14,
1653,38,Fear,2021-06-15,
1652,33,Fear,2021-06-16,
1651,26,Fear,2021-06-17,
1650,25,Extreme Fear,2021-06-18,
1649,23,Extreme Fear,2021-06-19,
1648,21,Extreme Fear,2021-06-20,
1647,23,Extreme Fear,2021-06-21,
1646,10,Extreme Fear,2021-06-22,
1645,14,Extreme Fear,2021-06-23,
1644,22,Extreme Fear,2021-06-24,
1643,27,Fear,2021-06-25,
1642,20,Extreme Fear,2021-06-26,
1641,22,Extreme Fear,2021-06-27,
1640,25,Extreme Fear,2021-06-28,
1639,25,Extreme Fear,2021-06-29,
1638,28,Fear,2021-06-30,
1637,28,Fear,2021-07-01,
1636,21,Extreme Fear,2021-07-02,
1635,24,Extreme Fear,2021-07-03,
1634,27,Fear,2021-07-04,
1633,29,Fear,2021-07-05,
1632,20,Extreme Fear,2021-07-06,
1631,28,Fear,2021-07-07,
1630,20,Extreme Fear,2021-07-08,
1629,20,Extreme Fear,2021-07-09,
1628,20,Extreme Fear,2021-07-10,
1627,20,Extreme Fear,2021-07-11,
1626,25,Extreme Fear,2021-07-12,
1625,20,Extreme Fear,2021-07-13,
1624,21,Extreme Fear,2021-07-14,
1623,20,Extreme Fear,2021-07-15,
1622,22,Extreme Fear,2021-07-16,
1621,15,Extreme Fear,2021-07-17,
1620,19,Extreme Fear,2021-07-18,
1619,24,Extreme Fear,2021-07-19,
1618,19,Extreme Fear,2021-07-20,
1617,10,Extreme Fear,2021-07-21,
1616,21,Extreme Fear,2021-07-22,
1615,23,Extreme Fear,2021-07-23,
1614,22,Extreme Fear,2021-07-24,
1613,27,Fear,2021-07-25,
1612,26,Fear,2021-07-26,
1611,32,Fear,2021-07-27,
1610,50,Neutral,2021-07-28,
1609,50,Neutral,2021-07-29,
1608,53,Neutral,2021-07-30,
1607,60,Greed,2021-07-31,
1606,60,Greed,2021-08-01,
1605,48,Neutral,2021-08-02,
1604,48,Neutral,2021-08-03,
1603,42,Fear,2021-08-04,
1602,50,Neutral,2021-08-05,
1601,52,Neutral,2021-08-06,
1600,69,Greed,2021-08-07,
1599,74,Greed,2021-08-08,
1598,65,Greed,2021-08-09,
1597,71,Greed,2021-08-10,
1596,70,Greed,2021-08-11,
1595,70,Greed,2021-08-12,
1594,70,Greed,2021-08-13,
1593,76,Extreme Greed,2021-08-14,
1592,71,Greed,2021-08-15,
1591,72,Greed,2021-08-16,
1590,72,Greed,2021-08-17,
1589,73,Greed,2021-08-18,
1588,70,Greed,2021-08-19,
1587,70,Greed,2021-08-20,
1586,78,Extreme Greed,2021-08-21,
1585,76,Extreme Greed,2021-08-22,
1584,79,Extreme Greed,2021-08-23,
1583,79,Extreme Greed,2021-08-24,
1582,73,Greed,2021-08-25,
1581,75,Greed,2021-08-26,
1580,71,Greed,2021-08-27,
1579,78,Extreme Greed,2021-08-28,
1578,72,Greed,2021-08-29,
1577,73,Greed,2021-08-30,
1576,73,Greed,2021-08-31,
1575,71,Greed,2021-09-01,
1574,74,Greed,2021-09-02,
1573,74,Greed,2021-09-03,
1572,72,Greed,2021-09-04,
1571,73,Greed,2021-09-05,
1570,79,Extreme Greed,2021-09-06,
1569,79,Extreme Greed,2021-09-07,
1568,47,Neutral,2021-09-08,
1567,45,Fear,2021-09-09,
1566,46,Fear,2021-09-10,
1565,31,Fear,2021-09-11,
1564,32,Fear,2021-09-12,
1563,44,Fear,2021-09-13,
1562,30,Fear,2021-09-14,
1561,49,Neutral,2021-09-15,
1560,53,Neutral,2021-09-16,
1559,48,Neutral,2021-09-17,
1558,50,Neutral,2021-09-18,
1557,53,Neutral,2021-09-19,
1556,50,Neutral,2021-09-20,
1555,27,Fear,2021-09-21,
1554,21,Extreme Fear,2021-09-22,
1553,27,Fear,2021-09-23,
1552,33,Fear,2021-09-24,
1551,28,Fear,2021-09-25,
1550,27,Fear,2021-09-26,
1549,26,Fear,2021-09-27,
1548,25,Extreme Fear,2021-09-28,
1547,24,Extreme Fear,2021-09-29,
1546,20,Extreme Fear,2021-09-30,
1545,27,Fear,2021-10-01,
1544,54,Neutral,2021-10-02,
1543,49,Neutral,2021-10-03,
1542,54,Neutral,2021-10-04,
1541,59,Greed,2021-10-05,
1540,68,Greed,2021-10-06,
1539,76,Extreme Greed,2021-10-07,
1538,74,Greed,2021-10-08,
1537,72,Greed,2021-10-09,
1536,71,Greed,2021-10-10,
1535,71,Greed,2021-10-11,
1534,78,Extreme Greed,2021-10-12,
1533,70,Greed,2021-10-13,
1532,70,Greed,2021-10-14,
1531,71,Greed,2021-10-15,
1530,78,Extreme Greed,2021-10-16,
1529,79,Extreme Greed,2021-10-17,
1528,78,Extreme Greed,2021-10-18,
1527,75,Greed,2021-10-19,
1526,82,Extreme Greed,2021-10-20,
1525,84,Extreme Greed,2021-10-21,
1524,75,Greed,2021-10-22,
1523,74,Greed,2021-10-23,
1522,73,Greed,2021-10-24,
1521,72,Greed,2021-10-25,
1520,76,Extreme Greed,2021-10-26,
1519,73,Greed,2021-10-27,
1518,66,Greed,2021-10-28,
1517,70,Greed,2021-10-29,
1516,73,Greed,2021-10-30,
1515,74,Greed,2021-10-31,
1514,74,Greed,2021-11-01,
1513,73,Greed,2021-11-02,
1512,76,Extreme Greed,2021-11-03,
1511,73,Greed,2021-11-04,
1510,73,Greed,2021-11-05,
1509,71,Greed,2021-11-06,
1508,73,Greed,2021-11-07,
1507,75,Greed,2021-11-08,
1506,84,Extreme Greed,2021-11-09,
1505,75,Greed,2021-11-10,
1504,77,Extreme Greed,2021-11-11,
1503,74,Greed,2021-11-12,
1502,72,Greed,2021-11-13,
1501,74,Greed,2021-11-14,
1500,72,Greed,2021-11-15,
1499,71,Greed,2021-11-16,
1498,52,Neutral,2021-11-17,
1497,54,Neutral,2021-11-18,
1496,34,Fear,2021-11-19,
1495,43,Fear,2021-11-20,
1494,49,Neutral,2021-11-21,
1493,50,Neutral,2021-11-22,
1492,33,Fear,2021-11-23,
1491,42,Fear,2021-11-24,
1490,32,Fear,2021-11-25,
1489,47,Neutral,2021-11-26,
1488,21,Extreme Fear,2021-11-27,
1487,27,Fear,2021-11-28,
1486,33,Fear,2021-11-29,
1485,40,Fear,2021-11-30,
1484,34,Fear,2021-12-01,
1483,32,Fear,2021-12-02,
1482,31,Fear,2021-12-03,
1481,25,Extreme Fear,2021-12-04,
1480,18,Extreme Fear,2021-12-05,
1479,16,Extreme Fear,2021-12-06,
1478,25,Extreme Fear,2021-12-07,
1477,28,Fear,2021-12-08,
1476,29,Fear,2021-12-09,
1475,24,Extreme Fear,2021-12-10,
1474,16,Extreme Fear,2021-12-11,
1473,27,Fear,2021-12-12,
1472,28,Fear,2021-12-13,
1471,21,Extreme Fear,2021-12-14,
1470,28,Fear,2021-12-15,
1469,29,Fear,2021-12-16,
1468,23,Extreme Fear,2021-12-17,
1467,24,Extreme Fear,2021-12-18,
1466,29,Fear,2021-12-19,
1465,25,Extreme Fear,2021-12-20,
1464,27,Fear,2021-12-21,
1463,45,Fear,2021-12-22,
1462,34,Fear,2021-12-23,
1461,41,Fear,2021-12-24,
1460,39,Fear,2021-12-25,
1459,37,Fear,2021-12-26,
1458,40,Fear,2021-12-27,
1457,41,Fear,2021-12-28,
1456,27,Fear,2021-12-29,
1455,22,Extreme Fear,2021-12-30,
1454,28,Fear,2021-12-31,
1453,21,Extreme Fear,2022-01-01,
1452,29,Fear,2022-01-02,
1451,29,Fear,2022-01-03,
1450,23,Extreme Fear,2022-01-04,
1449,24,Extreme Fear,2022-01-05,
1448,15,Extreme Fear,2022-01-06,
1447,18,Extreme Fear,2022-01-07,
1446,10,Extreme Fear,2022-01-08,
1445,23,Extreme Fear,2022-01-09,
1444,23,Extreme Fear,2022-01-10,
1443,21,Extreme Fear,2022-01-11,
1442,22,Extreme Fear,2022-01-12,
1441,21,Extreme Fear,2022-01-13,
1440,21,Extreme Fear,2022-01-14,
1439,23,Extreme Fear,2022-01-15,
1438,21,Extreme Fear,2022-01-16,
1437,22,Extreme Fear,2022-01-17,
1436,24,Extreme Fear,2022-01-18,
1435,24,Extreme Fear,2022-01-19,
1434,24,Extreme Fear,2022-01-20,
1433,19,Extreme Fear,2022-01-21,
1432,13,Extreme Fear,2022-01-22,
1431,11,Extreme Fear,2022-01-23,
1430,13,Extreme Fear,2022-01-24,
1429,12,Extreme Fear,2022-01-25,
1428,23,Extreme Fear,2022-01-26,
1427,20,Extreme Fear,2022-01-27,
1426,24,Extreme Fear,2022-01-28,
1425,24,Extreme Fear,2022-01-29,
1424,29,Fear,2022-01-30,
1423,20,Extreme Fear,2022-01-31,
1422,26,Fear,2022-02-01,
1421,28,Fear,2022-02-02,
1420,20,Extreme Fear,2022-02-03,
1419,20,Extreme Fear,2022-02-04,
1418,33,Fear,2022-02-05,
1417,37,Fear,2022-02-06,
1416,45,Fear,2022-02-07,
1415,48,Neutral,2022-02-08,
1414,54,Neutral,2022-02-09,
1413,50,Neutral,2022-02-10,
1412,50,Neutral,2022-02-11,
1411,44,Fear,2022-02-12,
1410,44,Fear,2022-02-13,
1409,46,Fear,2022-02-14,
1408,46,Fear,2022-02-15,
1407,51,Neutral,2022-02-16,
1406,52,Neutral,2022-02-17,
1405,30,Fear,2022-02-18,
1404,25,Extreme Fear,2022-02-19,
1403,27,Fear,2022-02-20,
1402,25,Extreme Fear,2022-02-21,
1401,20,Extreme Fear,2022-02-22,
1400,25,Extreme Fear,2022-02-23,
1399,23,Extreme Fear,2022-02-24,
1398,27,Fear,2022-02-25,
1397,26,Fear,2022-02-26,
1396,26,Fear,2022-02-27,
1395,20,Extreme Fear,2022-02-28,
1394,51,Neutral,2022-03-01,
1393,52,Neutral,2022-03-02,
1392,39,Fear,2022-03-03,
1391,33,Fear,2022-03-04,
1390,22,Extreme Fear,2022-03-05,
1389,22,Extreme Fear,2022-03-06,
1388,23,Extreme Fear,2022-03-07,
1387,21,Extreme Fear,2022-03-08,
1386,22,Extreme Fear,2022-03-09,
1385,28,Fear,2022-03-10,
1384,22,Extreme Fear,2022-03-11,
1383,22,Extreme Fear,2022-03-12,
1382,21,Extreme Fear,2022-03-13,
1381,23,Extreme Fear,2022-03-14,
1380,21,Extreme Fear,2022-03-15,
1379,24,Extreme Fear,2022-03-16,
1378,27,Fear,2022-03-17,
1377,25,Extreme Fear,2022-03-18,
1376,28,Fear,2022-03-19,
1375,31,Fear,2022-03-20,
1374,30,Fear,2022-03-21,
1373,26,Fear,2022-03-22,
1372,31,Fear,2022-03-23,
1371,40,Fear,2022-03-24,
1370,47,Neutral,2022-03-25,
1369,51,Neutral,2022-03-26,
1368,49,Neutral,2022-03-27,
1367,60,Greed,2022-03-28,
1366,56,Greed,2022-03-29,
1365,55,Greed,2022-03-30,
1364,52,Neutral,2022-03-31,
1363,50,Neutral,2022-04-01,
1362,52,Neutral,2022-04-02,
1361,48,Neutral,2022-04-03,
1360,52,Neutral,2022-04-04,
1359,53,Neutral,2022-04-05,
1358,48,Neutral,2022-04-06,
1357,34,Fear,2022-04-07,
1356,37,Fear,2022-04-08,
1355,30,Fear,2022-04-09,
1354,34,Fear,2022-04-10,
1353,32,Fear,2022-04-11,
1352,20,Extreme Fear,2022-04-12,
1351,25,Extreme Fear,2022-04-13,
1350,28,Fear,2022-04-14,
1349,22,Extreme Fear,2022-04-15,
1348,28,Fear,2022-04-16,
1347,28,Fear,2022-04-17,
1346,24,Extreme Fear,2022-04-18,
1345,27,Fear,2022-04-19,
1344,27,Fear,2022-04-20,
1343,27,Fear,2022-04-21,
1342,26,Fear,2022-04-22,
1341,24,Extreme Fear,2022-04-23,
1340,24,Extreme Fear,2022-04-24,
1339,23,Extreme Fear,2022-04-25,
1338,27,Fear,2022-04-26,
1337,21,Extreme Fear,2022-04-27,
1336,24,Extreme Fear,2022-04-28,
1335,23,Extreme Fear,2022-04-29,
1334,20,Extreme Fear,2022-04-30,
1333,22,Extreme Fear,2022-05-01,
1332,28,Fear,2022-05-02,
1331,27,Fear,2022-05-03,
1330,21,Extreme Fear,2022-05-04,
1329,27,Fear,2022-05-05,
1328,22,Extreme Fear,2022-05-06,
1327,23,Extreme Fear,2022-05-07,
1326,18,Extreme Fear,2022-05-08,
1325,11,Extreme Fear,2022-05-09,
1324,10,Extreme Fear,2022-05-10,
1323,12,Extreme Fear,2022-05-11,
1322,12,Extreme Fear,2022-05-12,
1321,10,Extreme Fear,2022-05-13,
1320,9,Extreme Fear,2022-05-14,
1319,10,Extreme Fear,2022-05-15,
1318,14,Extreme Fear,2022-05-16,
1317,8,Extreme Fear,2022-05-17,
1316,12,Extreme Fear,2022-05-18,
1315,13,Extreme Fear,2022-05-19,
1314,13,Extreme Fear,2022-05-20,
1313,13,Extreme Fear,2022-05-21,
1312,14,Extreme Fear,2022-05-22,
1311,10,Extreme Fear,2022-05-23,
1310,12,Extreme Fear,2022-05-24,
1309,11,Extreme Fear,2022-05-25,
1308,12,Extreme Fear,2022-05-26,
1307,12,Extreme Fear,2022-05-27,
1306,13,Extreme Fear,2022-05-28,
1305,14,Extreme Fear,2022-05-29,
1304,10,Extreme Fear,2022-05-30,
1303,16,Extreme Fear,2022-05-31,
1302,17,Extreme Fear,2022-06-01,
1301,13,Extreme Fear,2022-06-02,
1300,10,Extreme Fear,2022-06-03,
1299,14,Extreme Fear,2022-06-04,
1298,10,Extreme Fear,2022-06-05,
1297,13,Extreme Fear,2022-06-06,
1296,15,Extreme Fear,2022-06-07,
1295,17,Extreme Fear,2022-06-08,
1294,11,Extreme Fear,2022-06-09,
1293,13,Extreme Fear,2022-06-10,
1292,12,Extreme Fear,2022-06-11,
1291,14,Extreme Fear,2022-06-12,
1290,11,Extreme Fear,2022-06-13,
1289,8,Extreme Fear,2022-06-14,
1288,7,Extreme Fear,2022-06-15,
1287,7,Extreme Fear,2022-06-16,
1286,9,Extreme Fear,2022-06-17,
1285,6,Extreme Fear,2022-06-18,
1284,6,Extreme Fear,2022-06-19,
1283,9,Extreme Fear,2022-06-20,
1282,9,Extreme Fear,2022-06-21,
1281,11,Extreme Fear,2022-06-22,
1280,11,Extreme Fear,2022-06-23,
1279,11,Extreme Fear,2022-06-24,
1278,14,Extreme Fear,2022-06-25,
1277,14,Extreme Fear,2022-06-26,
1276,12,Extreme Fear,2022-06-27,
1275,10,Extreme Fear,2022-06-28,
1274,13,Extreme Fear,2022-06-29,
1273,11,Extreme Fear,2022-06-30,
1272,11,Extreme Fear,2022-07-01,
1271,14,Extreme Fear,2022-07-02,
1270,11,Extreme Fear,2022-07-03,
1269,14,Extreme Fear,2022-07-04,
1268,19,Extreme Fear,2022-07-05,
1267,18,Extreme Fear,2022-07-06,
1266,18,Extreme Fear,2022-07-07,
1265,20,Extreme Fear,2022-07-08,
1264,24,Extreme Fear,2022-07-09,
1263,24,Extreme Fear,2022-07-10,
1262,22,Extreme Fear,2022-07-11,
1261,16,Extreme Fear,2022-07-12,
1260,15,Extreme Fear,2022-07-13,
1259,18,Extreme Fear,2022-07-14,
1258,15,Extreme Fear,2022-07-15,
1257,21,Extreme Fear,2022-07-16,
1256,24,Extreme Fear,2022-07-17,
1255,20,Extreme Fear,2022-07-18,
1254,30,Fear,2022-07-19,
1253,31,Fear,2022-07-20,
1252,34,Fear,2022-07-21,
1251,33,Fear,2022-07-22,
1250,31,Fear,2022-07-23,
1249,30,Fear,2022-07-24,
1248,30,Fear,2022-07-25,
1247,26,Fear,2022-07-26,
1246,28,Fear,2022-07-27,
1245,32,Fear,2022-07-28,
1244,39,Fear,2022-07-29,
1243,42,Fear,2022-07-30,
1242,39,Fear,2022-07-31,
1241,33,Fear,2022-08-01,
1240,31,Fear,2022-08-02,
1239,34,Fear,2022-08-03,
1238,30,Fear,2022-08-04,
1237,31,Fear,2022-08-05,
1236,31,Fear,2022-08-06,
1235,30,Fear,2022-08-07,
1234,30,Fear,2022-08-08,
1233,42,Fear,2022-08-09,
1232,31,Fear,2022-08-10,
1231,41,Fear,2022-08-11,
1230,42,Fear,2022-08-12,
1229,46,Fear,2022-08-13,
1228,47,Neutral,2022-08-14,
1227,45,Fear,2022-08-15,
1226,44,Fear,2022-08-16,
1225,41,Fear,2022-08-17,
1224,30,Fear,2022-08-18,
1223,33,Fear,2022-08-19,
1222,29,Fear,2022-08-20,
1221,27,Fear,2022-08-21,
1220,29,Fear,2022-08-22,
1219,28,Fear,2022-08-23,
1218,25,Extreme Fear,2022-08-24,
1217,25,Extreme Fear,2022-08-25,
1216,27,Fear,2022-08-26,
1215,28,Fear,2022-08-27,
1214,28,Fear,2022-08-28,
1213,24,Extreme Fear,2022-08-29,
1212,27,Fear,2022-08-30,
1211,23,Extreme Fear,2022-08-31,
1210,20,Extreme Fear,2022-09-01,
1209,25,Extreme Fear,2022-09-02,
1208,21,Extreme Fear,2022-09-03,
1207,20,Extreme Fear,2022-09-04,
1206,23,Extreme Fear,2022-09-05,
1205,22,Extreme Fear,2022-09-06,
1204,24,Extreme Fear,2022-09-07,
1203,20,Extreme Fear,2022-09-08,
1202,22,Extreme Fear,2022-09-09,
1201,28,Fear,2022-09-10,
1200,26,Fear,2022-09-11,
1199,25,Extreme Fear,2022-09-12,
1198,34,Fear,2022-09-13,
1197,27,Fear,2022-09-14,
1196,28,Fear,2022-09-15,
1195,20,Extreme Fear,2022-09-16,
1194,22,Extreme Fear,2022-09-17,
1193,27,Fear,2022-09-18,
1192,21,Extreme Fear,2022-09-19,
1191,23,Extreme Fear,2022-09-20,
1190,23,Extreme Fear,2022-09-21,
1189,22,Extreme Fear,2022-09-22,
1188,20,Extreme Fear,2022-09-23,
1187,24,Extreme Fear,2022-09-24,
1186,24,Extreme Fear,2022-09-25,
1185,21,Extreme Fear,2022-09-26,
1184,20,Extreme Fear,2022-09-27,
1183,20,Extreme Fear,2022-09-28,
1182,22,Extreme Fear,2022-09-29,
1181,21,Extreme Fear,2022-09-30,
1180,20,Extreme Fear,2022-10-01,
1179,24,Extreme Fear,2022-10-02,
1178,24,Extreme Fear,2022-10-03,
1177,20,Extreme Fear,2022-10-04,
1176,25,Extreme Fear,2022-10-05,
1175,26,Fear,2022-10-06,
1174,23,Extreme Fear,2022-10-07,
1173,24,Extreme Fear,2022-10-08,
1172,22,Extreme Fear,2022-10-09,
1171,22,Extreme Fear,2022-10-10,
1170,24,Extreme Fear,2022-10-11,
1169,20,Extreme Fear,2022-10-12,
1168,20,Extreme Fear,2022-10-13,
1167,24,Extreme Fear,2022-10-14,
1166,24,Extreme Fear,2022-10-15,
1165,24,Extreme Fear,2022-10-16,
1164,20,Extreme Fear,2022-10-17,
1163,22,Extreme Fear,2022-10-18,
1162,23,Extreme Fear,2022-10-19,
1161,23,Extreme Fear,2022-10-20,
1160,23,Extreme Fear,2022-10-21,
1159,20,Extreme Fear,2022-10-22,
1158,23,Extreme Fear,2022-10-23,
1157,22,Extreme Fear,2022-10-24,
1156,20,Extreme Fear,2022-10-25,
1155,33,Fear,2022-10-26,
1154,32,Fear,2022-10-27,
1153,30,Fear,2022-10-28,
1152,34,Fear,2022-10-29,
1151,34,Fear,2022-10-30,
1150,31,Fear,2022-10-31,
1149,30,Fear,2022-11-01,
1148,30,Fear,2022-11-02,
1147,30,Fear,2022-11-03,
1146,30,Fear,2022-11-04,
1145,38,Fear,2022-11-05,
1144,40,Fear,2022-11-06,
1143,33,Fear,2022-11-07,
1142,31,Fear,2022-11-08,
1141,29,Fear,2022-11-09,
1140,22,Extreme Fear,2022-11-10,
1139,25,Extreme Fear,2022-11-11,
1138,21,Extreme Fear,2022-11-12,
1137,22,Extreme Fear,2022-11-13,
1136,24,Extreme Fear,2022-11-14,
1135,22,Extreme Fear,2022-11-15,
1134,23,Extreme Fear,2022-11-16,
1133,20,Extreme Fear,2022-11-17,
1132,23,Extreme Fear,2022-11-18,
1131,23,Extreme Fear,2022-11-19,
1130,24,Extreme Fear,2022-11-20,
1129,21,Extreme Fear,2022-11-21,
1128,22,Extreme Fear,2022-11-22,
1127,22,Extreme Fear,2022-11-23,
1126,20,Extreme Fear,2022-11-24,
1125,20,Extreme Fear,2022-11-25,
1124,22,Extreme Fear,2022-11-26,
1123,26,Fear,2022-11-27,
1122,28,Fear,2022-11-28,
1121,26,Fear,2022-11-29,
1120,29,Fear,2022-11-30,
1119,27,Fear,2022-12-01,
1118,27,Fear,2022-12-02,
1117,27,Fear,2022-12-03,
1116,26,Fear,2022-12-04,
1115,26,Fear,2022-12-05,
1114,25,Extreme Fear,2022-12-06,
1113,29,Fear,2022-12-07,
1112,25,Extreme Fear,2022-12-08,
1111,26,Fear,2022-12-09,
1110,27,Fear,2022-12-10,
1109,26,Fear,2022-12-11,
1108,27,Fear,2022-12-12,
1107,27,Fear,2022-12-13,
1106,30,Fear,2022-12-14,
1105,31,Fear,2022-12-15,
1104,29,Fear,2022-12-16,
1103,28,Fear,2022-12-17,
1102,26,Fear,2022-12-18,
1101,29,Fear,2022-12-19,
1100,29,Fear,2022-12-20,
1099,26,Fear,2022-12-21,
1098,28,Fear,2022-12-22,
1097,27,Fear,2022-12-23,
1096,29,Fear,2022-12-24,
1095,29,Fear,2022-12-25,
1094,28,Fear,2022-12-26,
1093,27,Fear,2022-12-27,
1092,28,Fear,2022-12-28,
1091,28,Fear,2022-12-29,
1090,28,Fear,2022-12-30,
1089,25,Extreme Fear,2022-12-31,
1088,26,Fear,2023-01-01,
1087,27,Fear,2023-01-02,
1086,26,Fear,2023-01-03,
1085,29,Fear,2023-01-04,
1084,29,Fear,2023-01-05,
1083,26,Fear,2023-01-06,
1082,25,Extreme Fear,2023-01-07,
1081,25,Extreme Fear,2023-01-08,
1080,25,Extreme Fear,2023-01-09,
1079,26,Fear,2023-01-10,
1078,26,Fear,2023-01-11,
1077,30,Fear,2023-01-12,
1076,31,Fear,2023-01-13,
1075,46,Fear,2023-01-14,
1074,52,Neutral,2023-01-15,
1073,45,Fear,2023-01-16,
1072,51,Neutral,2023-01-17,
1071,52,Neutral,2023-01-18,
1070,45,Fear,2023-01-19,
1069,51,Neutral,2023-01-20,
1068,53,Neutral,2023-01-21,
1067,53,Neutral,2023-01-22,
1066,50,Neutral,2023-01-23,
1065,52,Neutral,2023-01-24,
1064,51,Neutral,2023-01-25,
1063,54,Neutral,2023-01-26,
1062,55,Greed,2023-01-27,
1061,52,Neutral,2023-01-28,
1060,55,Greed,2023-01-29,
1059,61,Greed,2023-01-30,
1058,51,Neutral,2023-01-31,
1057,56,Greed,2023-02-01,
1056,60,Greed,2023-02-02,
1055,60,Greed,2023-02-03,
1054,58,Greed,2023-02-04,
1053,58,Greed,2023-02-05,
1052,56,Greed,2023-02-06,
1051,54,Neutral,2023-02-07,
1050,58,Greed,2023-02-08,
1049,55,Greed,2023-02-09,
1048,48,Neutral,2023-02-10,
1047,49,Neutral,2023-02-11,
1046,50,Neutral,2023-02-12,
1045,48,Neutral,2023-02-13,
1044,50,Neutral,2023-02-14,
1043,53,Neutral,2023-02-15,
1042,62,Greed,2023-02-16,
1041,61,Greed,2023-02-17,
1040,60,Greed,2023-02-18,
1039,60,Greed,2023-02-19,
1038,58,Greed,2023-02-20,
1037,60,Greed,2023-02-21,
1036,59,Greed,2023-02-22,
1035,56,Greed,2023-02-23,
1034,53,Neutral,2023-02-24,
1033,52,Neutral,2023-02-25,
1032,51,Neutral,2023-02-26,
1031,50,Neutral,2023-02-27,
1030,53,Neutral,2023-02-28,
1029,50,Neutral,2023-03-01,
1028,51,Neutral,2023-03-02,
1027,50,Neutral,2023-03-03,
1026,50,Neutral,2023-03-04,
1025,47,Neutral,2023-03-05,
1024,48,Neutral,2023-03-06,
1023,49,Neutral,2023-03-07,
1022,50,Neutral,2023-03-08,
1021,44,Fear,2023-03-09,
1020,34,Fear,2023-03-10,
1019,33,Fear,2023-03-11,
1018,33,Fear,2023-03-12,
1017,49,Neutral,2023-03-13,
1016,56,Greed,2023-03-14,
1015,50,Neutral,2023-03-15,
1014,52,Neutral,2023-03-16,
1013,51,Neutral,2023-03-17,
1012,64,Greed,2023-03-18,
1011,63,Greed,2023-03-19,
1010,66,Greed,2023-03-20,
1009,68,Greed,2023-03-21,
1008,62,Greed,2023-03-22,
1007,57,Greed,2023-03-23,
1006,61,Greed,2023-03-24,
1005,64,Greed,2023-03-25,
1004,64,Greed,2023-03-26,
1003,64,Greed,2023-03-27,
1002,59,Greed,2023-03-28,
1001,57,Greed,2023-03-29,
1000,60,Greed,2023-03-30,
999,63,Greed,2023-03-31,
998,61,Greed,2023-04-01,
997,63,Greed,2023-04-02,
996,63,Greed,2023-04-03,
995,62,Greed,2023-04-04,
994,62,Greed,2023-04-05,
993,63,Greed,2023-04-06,
992,64,Greed,2023-04-07,
991,61,Greed,2023-04-08,
990,61,Greed,2023-04-09,
989,62,Greed,2023-04-10,
988,68,Greed,2023-04-11,
987,65,Greed,2023-04-12,
986,61,Greed,2023-04-13,
985,68,Greed,2023-04-14,
984,68,Greed,2023-04-15,
983,68,Greed,2023-04-16,
982,69,Greed,2023-04-17,
981,58,Greed,2023-04-18,
980,63,Greed,2023-04-19,
979,52,Neutral,2023-04-20,
978,50,Neutral,2023-04-21,
977,53,Neutral,2023-04-22,
976,56,Greed,2023-04-23,
975,53,Neutral,2023-04-24,
974,53,Neutral,2023-04-25,
973,56,Greed,2023-04-26,
972,59,Greed,2023-04-27,
971,64,Greed,2023-04-28,
970,64,Greed,2023-04-29,
969,60,Greed,2023-04-30,
968,63,Greed,2023-05-01,
967,55,Greed,2023-05-02,
966,64,Greed,2023-05-03,
965,64,Greed,2023-05-04,
964,61,Greed,2023-05-05,
963,60,Greed,2023-05-06,
962,64,Greed,2023-05-07,
961,60,Greed,2023-05-08,
960,51,Neutral,2023-05-09,
959,52,Neutral,2023-05-10,
958,52,Neutral,2023-05-11,
957,49,Neutral,2023-05-12,
956,48,Neutral,2023-05-13,
955,48,Neutral,2023-05-14,
954,50,Neutral,2023-05-15,
953,54,Neutral,2023-05-16,
952,50,Neutral,2023-05-17,
951,51,Neutral,2023-05-18,
950,48,Neutral,2023-05-19,
949,48,Neutral,2023-05-20,
948,52,Neutral,2023-05-21,
947,49,Neutral,2023-05-22,
946,50,Neutral,2023-05-23,
945,50,Neutral,2023-05-24,
944,51,Neutral,2023-05-25,
943,49,Neutral,2023-05-26,
942,48,Neutral,2023-05-27,
941,50,Neutral,2023-05-28,
940,52,Neutral,2023-05-29,
939,51,Neutral,2023-05-30,
938,51,Neutral,2023-05-31,
937,52,Neutral,2023-06-01,
936,50,Neutral,2023-06-02,
935,53,Neutral,2023-06-03,
934,52,Neutral,2023-06-04,
933,53,Neutral,2023-06-05,
932,44,Fear,2023-06-06,
931,53,Neutral,2023-06-07,
930,50,Neutral,2023-06-08,
929,50,Neutral,2023-06-09,
928,49,Neutral,2023-06-10,
927,47,Neutral,2023-06-11,
926,47,Neutral,2023-06-12,
925,45,Fear,2023-06-13,
924,46,Fear,2023-06-14,
923,41,Fear,2023-06-15,
922,47,Neutral,2023-06-16,
921,47,Neutral,2023-06-17,
920,49,Neutral,2023-06-18,
919,47,Neutral,2023-06-19,
918,49,Neutral,2023-06-20,
917,59,Greed,2023-06-21,
916,65,Greed,2023-06-22,
915,65,Greed,2023-06-23,
914,62,Greed,2023-06-24,
913,64,Greed,2023-06-25,
912,55,Greed,2023-06-26,
911,59,Greed,2023-06-27,
910,62,Greed,2023-06-28,
909,54,Neutral,2023-06-29,
908,56,Greed,2023-06-30,
907,59,Greed,2023-07-01,
906,63,Greed,2023-07-02,
905,62,Greed,2023-07-03,
904,64,Greed,2023-07-04,
903,61,Greed,2023-07-05,
902,56,Greed,2023-07-06,
901,55,Greed,2023-07-07,
900,58,Greed,2023-07-08,
899,55,Greed,2023-07-09,
898,56,Greed,2023-07-10,
897,57,Greed,2023-07-11,
896,64,Greed,2023-07-12,
895,57,Greed,2023-07-13,
894,60,Greed,2023-07-14,
893,56,Greed,2023-07-15,
892,57,Greed,2023-07-16,
891,54,Neutral,2023-07-17,
890,56,Greed,2023-07-18,
889,50,Neutral,2023-07-19,
888,56,Greed,2023-07-20,
887,50,Neutral,2023-07-21,
886,52,Neutral,2023-07-22,
885,54,Neutral,2023-07-23,
884,55,Greed,2023-07-24,
883,50,Neutral,2023-07-25,
882,51,Neutral,2023-07-26,
881,51,Neutral,2023-07-27,
880,52,Neutral,2023-07-28,
879,52,Neutral,2023-07-29,
878,52,Neutral,2023-07-30,
877,50,Neutral,2023-07-31,
876,53,Neutral,2023-08-01,
875,53,Neutral,2023-08-02,
874,52,Neutral,2023-08-03,
873,54,Neutral,2023-08-04,
872,50,Neutral,2023-08-05,
871,49,Neutral,2023-08-06,
870,49,Neutral,2023-08-07,
869,54,Neutral,2023-08-08,
868,50,Neutral,2023-08-09,
867,53,Neutral,2023-08-10,
866,51,Neutral,2023-08-11,
865,54,Neutral,2023-08-12,
864,54,Neutral,2023-08-13,
863,50,Neutral,2023-08-14,
862,53,Neutral,2023-08-15,
861,52,Neutral,2023-08-16,
860,50,Neutral,2023-08-17,
859,37,Fear,2023-08-18,
858,39,Fear,2023-08-19,
857,37,Fear,2023-08-20,
856,38,Fear,2023-08-21,
855,37,Fear,2023-08-22,
854,37,Fear,2023-08-23,
853,41,Fear,2023-08-24,
852,39,Fear,2023-08-25,
851,38,Fear,2023-08-26,
850,38,Fear,2023-08-27,
849,39,Fear,2023-08-28,
848,39,Fear,2023-08-29,
847,49,Neutral,2023-08-30,
846,52,Neutral,2023-08-31,
845,40,Fear,2023-09-01,
844,39,Fear,2023-09-02,
843,40,Fear,2023-09-03,
842,40,Fear,2023-09-04,
841,40,Fear,2023-09-05,
840,42,Fear,2023-09-06,
839,41,Fear,2023-09-07,
838,46,Fear,2023-09-08,
837,41,Fear,2023-09-09,
836,40,Fear,2023-09-10,
835,40,Fear,2023-09-11,
834,30,Fear,2023-09-12,
833,41,Fear,2023-09-13,
832,45,Fear,2023-09-14,
831,45,Fear,2023-09-15,
830,43,Fear,2023-09-16,
829,46,Fear,2023-09-17,
828,46,Fear,2023-09-18,
827,46,Fear,2023-09-19,
826,47,Neutral,2023-09-20,
825,47,Neutral,2023-09-21,
824,43,Fear,2023-09-22,
823,47,Neutral,2023-09-23,
822,44,Fear,2023-09-24,
821,47,Neutral,2023-09-25,
820,46,Fear,2023-09-26,
819,44,Fear,2023-09-27,
818,46,Fear,2023-09-28,
817,48,Neutral,2023-09-29,
816,47,Neutral,2023-09-30,
815,48,Neutral,2023-10-01,
814,50,Neutral,2023-10-02,
813,50,Neutral,2023-10-03,
812,49,Neutral,2023-10-04,
811,48,Neutral,2023-10-05,
810,50,Neutral,2023-10-06,
809,49,Neutral,2023-10-07,
808,50,Neutral,2023-10-08,
807,50,Neutral,2023-10-09,
806,50,Neutral,2023-10-10,
805,47,Neutral,2023-10-11,
804,45,Fear,2023-10-12,
803,44,Fear,2023-10-13,
802,47,Neutral,2023-10-14,
801,45,Fear,2023-10-15,
800,47,Neutral,2023-10-16,
799,52,Neutral,2023-10-17,
798,50,Neutral,2023-10-18,
797,52,Neutral,2023-10-19,
796,53,Neutral,2023-10-20,
795,63,Greed,2023-10-21,
794,53,Neutral,2023-10-22,
793,53,Neutral,2023-10-23,
792,66,Greed,2023-10-24,
791,72,Greed,2023-10-25,
790,71,Greed,2023-10-26,
789,70,Greed,2023-10-27,
788,65,Greed,2023-10-28,
787,72,Greed,2023-10-29,
786,68,Greed,2023-10-30,
785,66,Greed,2023-10-31,
784,66,Greed,2023-11-01,
783,72,Greed,2023-11-02,
782,65,Greed,2023-11-03,
781,68,Greed,2023-11-04,
780,70,Greed,2023-11-05,
779,74,Greed,2023-11-06,
778,68,Greed,2023-11-07,
777,66,Greed,2023-11-08,
776,69,Greed,2023-11-09,
775,70,Greed,2023-11-10,
774,70,Greed,2023-11-11,
773,73,Greed,2023-11-12,
772,72,Greed,2023-11-13,
771,69,Greed,2023-11-14,
770,60,Greed,2023-11-15,
769,70,Greed,2023-11-16,
768,63,Greed,2023-11-17,
767,69,Greed,2023-11-18,
766,66,Greed,2023-11-19,
765,69,Greed,2023-11-20,
764,71,Greed,2023-11-21,
763,62,Greed,2023-11-22,
762,66,Greed,2023-11-23,
761,66,Greed,2023-11-24,
760,73,Greed,2023-11-25,
759,73,Greed,2023-11-26,
758,66,Greed,2023-11-27,
757,68,Greed,2023-11-28,
756,72,Greed,2023-11-29,
755,74,Greed,2023-11-30,
754,71,Greed,2023-12-01,
753,74,Greed,2023-12-02,
752,73,Greed,2023-12-03,
751,74,Greed,2023-12-04,
750,75,Greed,2023-12-05,
749,72,Greed,2023-12-06,
748,72,Greed,2023-12-07,
747,72,Greed,2023-12-08,
746,73,Greed,2023-12-09,
745,74,Greed,2023-12-10,
744,74,Greed,2023-12-11,
743,67,Greed,2023-12-12,
742,65,Greed,2023-12-13,
741,72,Greed,2023-12-14,
740,70,Greed,2023-12-15,
739,67,Greed,2023-12-16,
738,73,Greed,2023-12-17,
737,65,Greed,2023-12-18,
736,73,Greed,2023-12-19,
735,74,Greed,2023-12-20,
734,70,Greed,2023-12-21,
733,74,Greed,2023-12-22,
732,70,Greed,2023-12-23,
731,71,Greed,2023-12-24,
730,73,Greed,2023-12-25,
729,71,Greed,2023-12-26,
728,73,Greed,2023-12-27,
727,73,Greed,2023-12-28,
726,65,Greed,2023-12-29,
725,68,Greed,2023-12-30,
724,67,Greed,2023-12-31,
723,65,Greed,2024-01-01,
722,71,Greed,2024-01-02,
721,70,Greed,2024-01-03,
720,68,Greed,2024-01-04,
719,72,Greed,2024-01-05,
718,70,Greed,2024-01-06,
717,71,Greed,2024-01-07,
716,71,Greed,2024-01-08,
715,76,Extreme Greed,2024-01-09,
714,73,Greed,2024-01-10,
713,76,Extreme Greed,2024-01-11,
712,71,Greed,2024-01-12,
711,64,Greed,2024-01-13,
710,60,Greed,2024-01-14,
709,52,Neutral,2024-01-15,
708,64,Greed,2024-01-16,
707,60,Greed,2024-01-17,
706,63,Greed,2024-01-18,
705,51,Neutral,2024-01-19,
704,52,Neutral,2024-01-20,
703,56,Greed,2024-01-21,
702,55,Greed,2024-01-22,
701,50,Neutral,2024-01-23,
700,48,Neutral,2024-01-24,
699,52,Neutral,2024-01-25,
698,49,Neutral,2024-01-26,
697,55,Greed,2024-01-27,
696,54,Neutral,2024-01-28,
695,55,Greed,2024-01-29,
694,61,Greed,2024-01-30,
693,60,Greed,2024-01-31,
692,63,Greed,2024-02-01,
691,63,Greed,2024-02-02,
690,60,Greed,2024-02-03,
689,60,Greed,2024-02-04,
688,60,Greed,2024-02-05,
687,64,Greed,2024-02-06,
686,62,Greed,2024-02-07,
685,66,Greed,2024-02-08,
684,72,Greed,2024-02-09,
683,74,Greed,2024-02-10,
682,71,Greed,2024-02-11,
681,70,Greed,2024-02-12,
680,79,Extreme Greed,2024-02-13,
679,74,Greed,2024-02-14,
678,72,Greed,2024-02-15,
677,72,Greed,2024-02-16,
676,76,Extreme Greed,2024-02-17,
675,72,Greed,2024-02-18,
674,75,Greed,2024-02-19,
673,72,Greed,2024-02-20,
672,78,Extreme Greed,2024-02-21,
671,74,Greed,2024-02-22,
670,76,Extreme Greed,2024-02-23,
669,72,Greed,2024-02-24,
668,74,Greed,2024-02-25,
667,72,Greed,2024-02-26,
666,79,Extreme Greed,2024-02-27,
665,82,Extreme Greed,2024-02-28,
664,80,Extreme Greed,2024-02-29,
663,80,Extreme Greed,2024-03-01,
662,80,Extreme Greed,2024-03-02,
661,83,Extreme Greed,2024-03-03,
660,82,Extreme Greed,2024-03-04,
659,90,Extreme Greed,2024-03-05,
658,75,Greed,2024-03-06,
657,82,Extreme Greed,2024-03-07,
656,81,Extreme Greed,2024-03-08,
655,84,Extreme Greed,2024-03-09,
654,79,Extreme Greed,2024-03-10,
653,82,Extreme Greed,2024-03-11,
652,81,Extreme Greed,2024-03-12,
651,81,Extreme Greed,2024-03-13,
650,88,Extreme Greed,2024-03-14,
649,83,Extreme Greed,2024-03-15,
648,81,Extreme Greed,2024-03-16,
647,79,Extreme Greed,2024-03-17,
646,77,Extreme Greed,2024-03-18,
645,79,Extreme Greed,2024-03-19,
644,74,Greed,2024-03-20,
643,78,Extreme Greed,2024-03-21,
642,75,Greed,2024-03-22,
641,73,Greed,2024-03-23,
640,74,Greed,2024-03-24,
639,75,Greed,2024-03-25,
638,81,Extreme Greed,2024-03-26,
637,83,Extreme Greed,2024-03-27,
636,80,Extreme Greed,2024-03-28,
635,79,Extreme Greed,2024-03-29,
634,75,Greed,2024-03-30,
633,75,Greed,2024-03-31,
632,79,Extreme Greed,2024-04-01,
631,79,Extreme Greed,2024-04-02,
630,71,Greed,2024-04-03,
629,70,Greed,2024-04-04,
628,79,Extreme Greed,2024-04-05,
627,75,Greed,2024-04-06,
626,78,Extreme Greed,2024-04-07,
625,76,Extreme Greed,2024-04-08,
624,80,Extreme Greed,2024-04-09,
623,78,Extreme Greed,2024-04-10,
622,76,Extreme Greed,2024-04-11,
621,79,Extreme Greed,2024-04-12,
620,72,Greed,2024-04-13,
619,72,Greed,2024-04-14,
618,74,Greed,2024-04-15,
617,65,Greed,2024-04-16,
616,67,Greed,2024-04-17,
615,57,Greed,2024-04-18,
614,66,Greed,2024-04-19,
613,66,Greed,2024-04-20,
612,72,Greed,2024-04-21,
611,73,Greed,2024-04-22,
610,71,Greed,2024-04-23,
609,72,Greed,2024-04-24,
608,72,Greed,2024-04-25,
607,70,Greed,2024-04-26,
606,67,Greed,2024-04-27,
605,65,Greed,2024-04-28,
604,67,Greed,2024-04-29,
603,67,Greed,2024-04-30,
602,54,Neutral,2024-05-01,
601,43,Fear,2024-05-02,
600,48,Neutral,2024-05-03,
599,67,Greed,2024-05-04,
598,69,Greed,2024-05-05,
597,71,Greed,2024-05-06,
596,68,Greed,2024-05-07,
595,64,Greed,2024-05-08,
594,55,Greed,2024-05-09,
593,66,Greed,2024-05-10,
592,53,Neutral,2024-05-11,
591,56,Greed,2024-05-12,
590,57,Greed,2024-05-13,
589,66,Greed,2024-05-14,
588,64,Greed,2024-05-15,
587,70,Greed,2024-05-16,
586,74,Greed,2024-05-17,
585,73,Greed,2024-05-18,
584,72,Greed,2024-05-19,
583,70,Greed,2024-05-20,
582,76,Extreme Greed,2024-05-21,
581,76,Extreme Greed,2024-05-22,
580,76,Extreme Greed,2024-05-23,
579,74,Greed,2024-05-24,
578,76,Extreme Greed,2024-05-25,
577,75,Greed,2024-05-26,
576,74,Greed,2024-05-27,
575,72,Greed,2024-05-28,
574,72,Greed,2024-05-29,
573,73,Greed,2024-05-30,
572,73,Greed,2024-05-31,
571,72,Greed,2024-06-01,
570,73,Greed,2024-06-02,
569,73,Greed,2024-06-03,
568,73,Greed,2024-06-04,
567,75,Greed,2024-06-05,
566,78,Extreme Greed,2024-06-06,
565,77,Extreme Greed,2024-06-07,
564,72,Greed,2024-06-08,
563,75,Greed,2024-06-09,
562,72,Greed,2024-06-10,
561,74,Greed,2024-06-11,
560,72,Greed,2024-06-12,
559,70,Greed,2024-06-13,
558,74,Greed,2024-06-14,
557,74,Greed,2024-06-15,
556,71,Greed,2024-06-16,
555,71,Greed,2024-06-17,
554,74,Greed,2024-06-18,
553,64,Greed,2024-06-19,
552,60,Greed,2024-06-20,
551,63,Greed,2024-06-21,
550,53,Neutral,2024-06-22,
549,55,Greed,2024-06-23,
548,51,Neutral,2024-06-24,
547,30,Fear,2024-06-25,
546,46,Fear,2024-06-26,
545,40,Fear,2024-06-27,
544,47,Neutral,2024-06-28,
543,30,Fear,2024-06-29,
542,47,Neutral,2024-06-30,
541,53,Neutral,2024-07-01,
540,51,Neutral,2024-07-02,
539,50,Neutral,2024-07-03,
538,44,Fear,2024-07-04,
537,29,Fear,2024-07-05,
536,26,Fear,2024-07-06,
535,29,Fear,2024-07-07,
534,28,Fear,2024-07-08,
533,27,Fear,2024-07-09,
532,28,Fear,2024-07-10,
531,29,Fear,2024-07-11,
530,25,Extreme Fear,2024-07-12,
529,25,Extreme Fear,2024-07-13,
528,33,Fear,2024-07-14,
527,52,Neutral,2024-07-15,
526,65,Greed,2024-07-16,
525,69,Greed,2024-07-17,
524,61,Greed,2024-07-18,
523,60,Greed,2024-07-19,
522,74,Greed,2024-07-20,
521,74,Greed,2024-07-21,
520,70,Greed,2024-07-22,
519,71,Greed,2024-07-23,
518,69,Greed,2024-07-24,
517,68,Greed,2024-07-25,
516,68,Greed,2024-07-26,
515,72,Greed,2024-07-27,
514,71,Greed,2024-07-28,
513,74,Greed,2024-07-29,
512,67,Greed,2024-07-30,
511,61,Greed,2024-07-31,
510,52,Neutral,2024-08-01,
509,57,Greed,2024-08-02,
508,37,Fear,2024-08-03,
507,34,Fear,2024-08-04,
506,26,Fear,2024-08-05,
505,17,Extreme Fear,2024-08-06,
504,29,Fear,2024-08-07,
503,20,Extreme Fear,2024-08-08,
502,48,Neutral,2024-08-09,
501,40,Fear,2024-08-10,
500,39,Fear,2024-08-11,
499,25,Extreme Fear,2024-08-12,
498,31,Fear,2024-08-13,
497,30,Fear,2024-08-14,
496,29,Fear,2024-08-15,
495,27,Fear,2024-08-16,
494,25,Extreme Fear,2024-08-17,
493,31,Fear,2024-08-18,
492,28,Fear,2024-08-19,
491,30,Fear,2024-08-20,
490,26,Fear,2024-08-21,
489,39,Fear,2024-08-22,
488,34,Fear,2024-08-23,
487,56,Greed,2024-08-24,
486,54,Neutral,2024-08-25,
485,55,Greed,2024-08-26,
484,48,Neutral,2024-08-27,
483,30,Fear,2024-08-28,
482,29,Fear,2024-08-29,
481,34,Fear,2024-08-30,
480,29,Fear,2024-08-31,
479,26,Fear,2024-09-01,
478,26,Fear,2024-09-02,
477,26,Fear,2024-09-03,
476,27,Fear,2024-09-04,
475,29,Fear,2024-09-05,
474,22,Extreme Fear,2024-09-06,
473,23,Extreme Fear,2024-09-07,
472,29,Fear,2024-09-08,
471,26,Fear,2024-09-09,
470,33,Fear,2024-09-10,
469,37,Fear,2024-09-11,
468,31,Fear,2024-09-12,
467,32,Fear,2024-09-13,
466,50,Neutral,2024-09-14,
465,51,Neutral,2024-09-15,
464,39,Fear,2024-09-16,
463,33,Fear,2024-09-17,
462,45,Fear,2024-09-18,
461,49,Neutral,2024-09-19,
460,54,Neutral,2024-09-20,
459,54,Neutral,2024-09-21,
458,52,Neutral,2024-09-22,
457,50,Neutral,2024-09-23,
456,54,Neutral,2024-09-24,
455,59,Greed,2024-09-25,
454,50,Neutral,2024-09-26,
453,61,Greed,2024-09-27,
452,64,Greed,2024-09-28,
451,63,Greed,2024-09-29,
450,61,Greed,2024-09-30,
449,50,Neutral,2024-10-01,
448,42,Fear,2024-10-02,
447,37,Fear,2024-10-03,
446,41,Fear,2024-10-04,
445,49,Neutral,2024-10-05,
444,50,Neutral,2024-10-06,
443,50,Neutral,2024-10-07,
442,49,Neutral,2024-10-08,
441,49,Neutral,2024-10-09,
440,39,Fear,2024-10-10,
439,32,Fear,2024-10-11,
438,49,Neutral,2024-10-12,
437,50,Neutral,2024-10-13,
436,48,Neutral,2024-10-14,
435,65,Greed,2024-10-15,
434,73,Greed,2024-10-16,
433,71,Greed,2024-10-17,
432,73,Greed,2024-10-18,
431,72,Greed,2024-10-19,
430,73,Greed,2024-10-20,
429,72,Greed,2024-10-21,
428,70,Greed,2024-10-22,
427,71,Greed,2024-10-23,
426,69,Greed,2024-10-24,
425,72,Greed,2024-10-25,
424,74,Greed,2024-10-27,
423,72,Greed,2024-10-28,
422,72,Greed,2024-10-29,
421,77,Extreme Greed,2024-10-30,
420,77,Extreme Greed,2024-10-31,
419,75,Greed,2024-11-01,
418,72,Greed,2024-11-02,
417,74,Greed,2024-11-03,
416,70,Greed,2024-11-04,
415,70,Greed,2024-11-05,
414,70,Greed,2024-11-06,
413,77,Extreme Greed,2024-11-07,
412,75,Greed,2024-11-08,
411,75,Greed,2024-11-09,
410,78,Extreme Greed,2024-11-10,
409,76,Extreme Greed,2024-11-11,
408,80,Extreme Greed,2024-11-12,
407,84,Extreme Greed,2024-11-13,
406,88,Extreme Greed,2024-11-14,
405,80,Extreme Greed,2024-11-15,
404,86,Extreme Greed,2024-11-16,
403,90,Extreme Greed,2024-11-17,
402,83,Extreme Greed,2024-11-18,
401,90,Extreme Greed,2024-11-19,
400,83,Extreme Greed,2024-11-20,
399,82,Extreme Greed,2024-11-21,
398,94,Extreme Greed,2024-11-22,
397,93,Extreme Greed,2024-11-23,
396,80,Extreme Greed,2024-11-24,
395,82,Extreme Greed,2024-11-25,
394,79,Extreme Greed,2024-11-26,
393,75,Greed,2024-11-27,
392,77,Extreme Greed,2024-11-28,
391,78,Extreme Greed,2024-11-29,
390,84,Extreme Greed,2024-11-30,
389,81,Extreme Greed,2024-12-01,
388,80,Extreme Greed,2024-12-02,
387,76,Extreme Greed,2024-12-03,
386,78,Extreme Greed,2024-12-04,
385,84,Extreme Greed,2024-12-05,
384,72,Greed,2024-12-06,
383,75,Greed,2024-12-07,
382,79,Extreme Greed,2024-12-08,
381,78,Extreme Greed,2024-12-09,
380,78,Extreme Greed,2024-12-10,
379,74,Greed,2024-12-11,
378,83,Extreme Greed,2024-12-12,
377,76,Extreme Greed,2024-12-13,
376,83,Extreme Greed,2024-12-14,
375,80,Extreme Greed,2024-12-15,
374,83,Extreme Greed,2024-12-16,
373,87,Extreme Greed,2024-12-17,
372,81,Extreme Greed,2024-12-18,
371,75,Greed,2024-12-19,
370,74,Greed,2024-12-20,
369,73,Greed,2024-12-21,
368,73,Greed,2024-12-22,
367,70,Greed,2024-12-23,
366,73,Greed,2024-12-24,
365,73,Greed,2024-12-25,
364,79,Extreme Greed,2024-12-26,
363,74,Greed,2024-12-27,
362,72,Greed,2024-12-28,
361,73,Greed,2024-12-29,
360,65,Greed,2024-12-30,
359,64,Greed,2024-12-31,
358,66,Greed,2025-01-01,
357,70,Greed,2025-01-02,
356,74,Greed,2025-01-03,
355,73,Greed,2025-01-04,
354,72,Greed,2025-01-05,
353,76,Extreme Greed,2025-01-06,
352,78,Extreme Greed,2025-01-07,
351,70,Greed,2025-01-08,
350,69,Greed,2025-01-09,
349,50,Neutral,2025-01-10,
348,69,Greed,2025-01-11,
347,62,Greed,2025-01-12,
346,61,Greed,2025-01-13,
345,63,Greed,2025-01-14,
344,70,Greed,2025-01-15,
343,75,Greed,2025-01-16,
342,75,Greed,2025-01-17,
341,77,Extreme Greed,2025-01-18,
340,77,Extreme Greed,2025-01-19,
339,76,Extreme Greed,2025-01-20,
338,76,Extreme Greed,2025-01-21,
337,84,Extreme Greed,2025-01-22,
336,75,Greed,2025-01-23,
335,75,Greed,2025-01-24,
334,75,Greed,2025-01-25,
333,73,Greed,2025-01-26,
332,71,Greed,2025-01-27,
331,72,Greed,2025-01-28,
330,72,Greed,2025-01-29,
329,70,Greed,2025-01-30,
328,76,Extreme Greed,2025-01-31,
327,68,Greed,2025-02-01,
326,60,Greed,2025-02-02,
325,44,Fear,2025-02-03,
324,72,Greed,2025-02-04,
323,54,Neutral,2025-02-05,
322,49,Neutral,2025-02-06,
321,44,Fear,2025-02-07,
320,44,Fear,2025-02-08,
319,46,Fear,2025-02-09,
318,43,Fear,2025-02-10,
317,47,Neutral,2025-02-11,
316,46,Fear,2025-02-12,
315,50,Neutral,2025-02-13,
314,48,Neutral,2025-02-14,
313,50,Neutral,2025-02-15,
312,54,Neutral,2025-02-16,
311,51,Neutral,2025-02-17,
310,47,Neutral,2025-02-18,
309,44,Fear,2025-02-19,
308,49,Neutral,2025-02-20,
307,55,Greed,2025-02-21,
306,49,Neutral,2025-02-22,
305,50,Neutral,2025-02-23,
304,49,Neutral,2025-02-24,
303,25,Extreme Fear,2025-02-25,
302,21,Extreme Fear,2025-02-26,
301,10,Extreme Fear,2025-02-27,
300,16,Extreme Fear,2025-02-28,
299,20,Extreme Fear,2025-03-01,
298,26,Fear,2025-03-02,
297,33,Fear,2025-03-03,
296,15,Extreme Fear,2025-03-04,
295,20,Extreme Fear,2025-03-05,
294,25,Extreme Fear,2025-03-06,
293,34,Fear,2025-03-07,
292,28,Fear,2025-03-08,
291,27,Fear,2025-03-09,
290,20,Extreme Fear,2025-03-10,
289,24,Extreme Fear,2025-03-11,
288,34,Fear,2025-03-12,
287,45,Fear,2025-03-13,
286,27,Fear,2025-03-14,
285,46,Fear,2025-03-15,
284,30,Fear,2025-03-16,
283,32,Fear,2025-03-17,
282,34,Fear,2025-03-18,
281,32,Fear,2025-03-19,
280,49,Neutral,2025-03-20,
279,31,Fear,2025-03-21,
278,32,Fear,2025-03-22,
277,30,Fear,2025-03-23,
276,45,Fear,2025-03-24,
275,46,Fear,2025-03-25,
274,47,Neutral,2025-03-26,
273,40,Fear,2025-03-27,
272,44,Fear,2025-03-28,
271,26,Fear,2025-03-29,
270,32,Fear,2025-03-30,
269,34,Fear,2025-03-31,
268,34,Fear,2025-04-01,
267,44,Fear,2025-04-02,
266,25,Extreme Fear,2025-04-03,
265,28,Fear,2025-04-04,
264,30,Fear,2025-04-05,
263,34,Fear,2025-04-06,
262,23,Extreme Fear,2025-04-07,
261,24,Extreme Fear,2025-04-08,
260,18,Extreme Fear,2025-04-09,
259,39,Fear,2025-04-10,
258,25,Extreme Fear,2025-04-11,
257,43,Fear,2025-04-12,
256,45,Fear,2025-04-13,
255,31,Fear,2025-04-14,
254,38,Fear,2025-04-15,
253,29,Fear,2025-04-16,
252,30,Fear,2025-04-17,
251,33,Fear,2025-04-18,
250,32,Fear,2025-04-19,
249,37,Fear,2025-04-20,
248,39,Fear,2025-04-21,
247,47,Neutral,2025-04-22,
246,72,Greed,2025-04-23,
245,63,Greed,2025-04-24,
244,60,Greed,2025-04-25,
243,65,Greed,2025-04-26,
242,61,Greed,2025-04-27,
241,54,Neutral,2025-04-28,
240,60,Greed,2025-04-29,
239,56,Greed,2025-04-30,
238,53,Neutral,2025-05-01,
237,67,Greed,2025-05-02,
236,65,Greed,2025-05-03,
235,64,Greed,2025-05-04,
234,52,Neutral,2025-05-05,
233,59,Greed,2025-05-06,
232,67,Greed,2025-05-07,
231,65,Greed,2025-05-08,
230,73,Greed,2025-05-09,
229,70,Greed,2025-05-10,
228,70,Greed,2025-05-11,
227,70,Greed,2025-05-12,
226,70,Greed,2025-05-13,
225,73,Greed,2025-05-14,
224,70,Greed,2025-05-15,
223,71,Greed,2025-05-16,
222,74,Greed,2025-05-17,
221,74,Greed,2025-05-18,
220,74,Greed,2025-05-19,
219,71,Greed,2025-05-20,
218,70,Greed,2025-05-21,
217,72,Greed,2025-05-22,
216,78,Extreme Greed,2025-05-23,
215,66,Greed,2025-05-24,
214,74,Greed,2025-05-25,
213,73,Greed,2025-05-26,
212,74,Greed,2025-05-27,
211,71,Greed,2025-05-28,
210,74,Greed,2025-05-29,
209,60,Greed,2025-05-30,
208,50,Neutral,2025-05-31,
207,56,Greed,2025-06-01,
206,64,Greed,2025-06-02,
205,64,Greed,2025-06-03,
204,62,Greed,2025-06-04,
203,57,Greed,2025-06-05,
202,45,Fear,2025-06-06,
201,52,Neutral,2025-06-07,
200,62,Greed,2025-06-08,
199,62,Greed,2025-06-09,
198,71,Greed,2025-06-10,
197,72,Greed,2025-06-11,
196,71,Greed,2025-06-12,
195,61,Greed,2025-06-13,
194,63,Greed,2025-06-14,
193,60,Greed,2025-06-15,
192,61,Greed,2025-06-16,
191,68,Greed,2025-06-17,
190,52,Neutral,2025-06-18,
189,57,Greed,2025-06-19,
188,54,Neutral,2025-06-20,
187,49,Neutral,2025-06-21,
186,42,Fear,2025-06-22,
185,47,Neutral,2025-06-23,
184,65,Greed,2025-06-24,
183,66,Greed,2025-06-25,
182,74,Greed,2025-06-26,
181,65,Greed,2025-06-27,
180,65,Greed,2025-06-28,
179,68,Greed,2025-06-29,
178,66,Greed,2025-06-30,
177,64,Greed,2025-07-01,
176,63,Greed,2025-07-02,
175,73,Greed,2025-07-03,
174,73,Greed,2025-07-04,
173,67,Greed,2025-07-05,
172,66,Greed,2025-07-06,
171,73,Greed,2025-07-07,
170,65,Greed,2025-07-08,
169,66,Greed,2025-07-09,
168,71,Greed,2025-07-10,
167,71,Greed,2025-07-11,
166,79,Extreme Greed,2025-07-12,
165,74,Greed,2025-07-13,
164,74,Greed,2025-07-14,
163,73,Greed,2025-07-15,
162,70,Greed,2025-07-16,
161,74,Greed,2025-07-17,
160,73,Greed,2025-07-18,
159,74,Greed,2025-07-19,
158,72,Greed,2025-07-20,
157,71,Greed,2025-07-21,
156,72,Greed,2025-07-22,
155,74,Greed,2025-07-23,
154,71,Greed,2025-07-24,
153,70,Greed,2025-07-25,
152,72,Greed,2025-07-26,
151,73,Greed,2025-07-27,
150,75,Greed,2025-07-28,
149,73,Greed,2025-07-29,
148,74,Greed,2025-07-30,
147,72,Greed,2025-07-31,
146,65,Greed,2025-08-01,
145,55,Greed,2025-08-02,
144,53,Neutral,2025-08-03,
143,64,Greed,2025-08-04,
142,60,Greed,2025-08-05,
141,54,Neutral,2025-08-06,
140,62,Greed,2025-08-07,
139,74,Greed,2025-08-08,
138,67,Greed,2025-08-09,
137,69,Greed,2025-08-10,
136,70,Greed,2025-08-11,
135,68,Greed,2025-08-12,
134,73,Greed,2025-08-13,
133,75,Greed,2025-08-14,
132,60,Greed,2025-08-15,
131,56,Greed,2025-08-16,
130,64,Greed,2025-08-17,
129,60,Greed,2025-08-18,
128,56,Greed,2025-08-19,
127,44,Fear,2025-08-20,
126,50,Neutral,2025-08-21,
125,50,Neutral,2025-08-22,
124,60,Greed,2025-08-23,
123,53,Neutral,2025-08-24,
122,47,Neutral,2025-08-25,
121,48,Neutral,2025-08-26,
120,51,Neutral,2025-08-27,
119,48,Neutral,2025-08-28,
118,50,Neutral,2025-08-29,
117,39,Fear,2025-08-30,
116,48,Neutral,2025-08-31,
115,46,Fear,2025-09-01,
114,49,Neutral,2025-09-02,
113,55,Greed,2025-09-03,
112,51,Neutral,2025-09-04,
111,48,Neutral,2025-09-05,
110,48,Neutral,2025-09-06,
109,44,Fear,2025-09-07,
108,51,Neutral,2025-09-08,
107,48,Neutral,2025-09-09,
106,49,Neutral,2025-09-10,
105,54,Neutral,2025-09-11,
104,57,Greed,2025-09-12,
103,52,Neutral,2025-09-13,
102,55,Greed,2025-09-14,
101,53,Neutral,2025-09-15,
100,52,Neutral,2025-09-16,
99,53,Neutral,2025-09-17,
98,52,Neutral,2025-09-18,
97,53,Neutral,2025-09-19,
96,48,Neutral,2025-09-20,
95,49,Neutral,2025-09-21,
94,45,Fear,2025-09-22,
93,43,Fear,2025-09-23,
92,44,Fear,2025-09-24,
91,44,Fear,2025-09-25,
90,28,Fear,2025-09-26,
89,33,Fear,2025-09-27,
88,37,Fear,2025-09-28,
87,50,Neutral,2025-09-29,
86,50,Neutral,2025-09-30,
85,49,Neutral,2025-10-01,
84,64,Greed,2025-10-02,
83,63,Greed,2025-10-03,
82,71,Greed,2025-10-04,
81,74,Greed,2025-10-05,
80,71,Greed,2025-10-06,
79,70,Greed,2025-10-07,
78,60,Greed,2025-10-08,
77,70,Greed,2025-10-09,
76,64,Greed,2025-10-10,
75,27,Fear,2025-10-11,
74,24,Extreme Fear,2025-10-12,
73,38,Fear,2025-10-13,
72,38,Fear,2025-10-14,
71,34,Fear,2025-10-15,
70,28,Fear,2025-10-16,
69,22,Extreme Fear,2025-10-17,
68,23,Extreme Fear,2025-10-18,
67,29,Fear,2025-10-19,
66,29,Fear,2025-10-20,
65,34,Fear,2025-10-21,
64,25,Extreme Fear,2025-10-22,
63,27,Fear,2025-10-23,
62,30,Fear,2025-10-24,
61,37,Fear,2025-10-25,
60,40,Fear,2025-10-26,
59,51,Neutral,2025-10-27,
58,50,Neutral,2025-10-28,
57,51,Neutral,2025-10-29,
56,34,Fear,2025-10-30,
55,29,Fear,2025-10-31,
54,33,Fear,2025-11-01,
53,37,Fear,2025-11-02,
52,42,Fear,2025-11-03,
51,21,Extreme Fear,2025-11-04,
50,23,Extreme Fear,2025-11-05,
49,27,Fear,2025-11-06,
48,24,Extreme Fear,2025-11-07,
47,20,Extreme Fear,2025-11-08,
46,22,Extreme Fear,2025-11-09,
45,29,Fear,2025-11-10,
44,26,Fear,2025-11-11,
43,24,Extreme Fear,2025-11-12,
42,15,Extreme Fear,2025-11-13,
41,16,Extreme Fear,2025-11-14,
40,10,Extreme Fear,2025-11-15,
39,10,Extreme Fear,2025-11-16,
38,14,Extreme Fear,2025-11-17,
37,11,Extreme Fear,2025-11-18,
36,15,Extreme Fear,2025-11-19,
35,11,Extreme Fear,2025-11-20,
34,14,Extreme Fear,2025-11-21,
33,11,Extreme Fear,2025-11-22,
32,13,Extreme Fear,2025-11-23,
31,19,Extreme Fear,2025-11-24,
30,20,Extreme Fear,2025-11-25,
29,15,Extreme Fear,2025-11-26,
28,22,Extreme Fear,2025-11-27,
27,25,Extreme Fear,2025-11-28,
26,28,Fear,2025-11-29,
25,28,Fear,2025-11-30,
24,24,Extreme Fear,2025-12-01,
23,23,Extreme Fear,2025-12-02,
22,28,Fear,2025-12-03,
21,26,Fear,2025-12-04,
20,28,Fear,2025-12-05,
19,23,Extreme Fear,2025-12-06,
18,20,Extreme Fear,2025-12-07,
17,20,Extreme Fear,2025-12-08,
16,22,Extreme Fear,2025-12-09,
15,26,Fear,2025-12-10,
14,29,Fear,2025-12-11,
13,29,Fear,2025-12-12,
12,23,Extreme Fear,2025-12-13,
11,21,Extreme Fear,2025-12-14,
10,16,Extreme Fear,2025-12-15,
9,11,Extreme Fear,2025-12-16,
8,16,Extreme Fear,2025-12-17,
7,17,Extreme Fear,2025-12-18,
6,16,Extreme Fear,2025-12-19,
5,20,Extreme Fear,2025-12-20,
4,20,Extreme Fear,2025-12-21,
3,25,Extreme Fear,2025-12-22,
2,24,Extreme Fear,2025-12-23,
1,24,Extreme Fear,2025-12-24,
0,23,Extreme Fear,2025-12-25,10181
